Document Text,Rule
"VTBV.2221777 

Page 2 of 2

","Clause Nos:R48
Template Name:Grains_En"
"Origin:

Argentina.

","Clause Nos:R6
Template Name:Grains_En"
"Quantity:

92.137,397 Metric ton, plus 10% or minus 10% at Seller’s option and at contract premium. 

Quantity final at Quality final at loading as per certificate(s) issued by a first class independent superintendent at In buyers option and for In buyers option account. 

","Clause Nos:R402
Template Name:Grains_En"
"Price:

Basis of  83,3 (***) per Bushel over March 2022 CBOT

CIFFO Iskenderun, Turkey.

One safe port / safe berth.

Port(s) and berth(s) always accessible.
","Clause Nos:R506
Template Name:Grains_En"
"Payment:

Any cost and consequence for delay of payment including loss of interest and/or demurrage/detention to be for Buyers’ account.
All payments under this contract (not limited to the payment of the goods) are to be done in EURO.

","Clause Nos:R464
Template Name:Grains_En"
"Licences, Duties, Taxes etc:

Seller shall be responsible for obtaining any necessary export licence(s), consent(s), authorisation(s) or permit(s) necessary for the export of the goods from the country of origin and any consequences, costs, expenses etc suffered by Buyer due to delay or failure by Seller to obtain any such licence(s) etc shall be for Seller’s account. Seller’s failure to obtain and/or maintain such licence(s) etc shall not amount to frustration, force majeure or prohibition.","Clause Nos:R88
Template Name:Grains_En"
"Buyer shall be responsible for and shall indemnify Seller in respect of any duties, taxes, imports, fees or changes arising in connection with the goods or their import or use (including but not limited to all governmental charges imposed in the country of destination and any action taken by the import authorities in the country of destination) upon and/or after delivery on board the carrying vessel(s). Buyer shall obtain and maintain any licence(s) or permit(s) necessary for the import of the goods in the country of destination.  Buyer’s failure to obtain and/or to maintain such license(s) or permit(s) shall not amount to frustration, force majeure or prohibition.

Licences, Duties, Taxes etc:","Clause Nos:R503
Template Name:Grains_En"
"Licences, Duties, Taxes etc:

Seller shall be responsible for obtaining any necessary export licence(s), consent(s), authorisation(s) or permit(s) necessary for the export of the goods from the country of origin and any consequences, costs, expenses etc suffered by Buyer due to delay or failure by Seller to obtain any such licence(s) etc shall be for Seller’s account. Seller’s failure to obtain and/or maintain such licence(s) etc shall not amount to frustration, force majeure or prohibition.","Clause Nos:R88
Template Name:Grains_En"
"Buyer shall be responsible for and shall indemnify Seller in respect of any duties, taxes, imports, fees or changes arising in connection with the goods or their import or use (including but not limited to all governmental charges imposed in the country of destination and any action taken by the import authorities in the country of destination) upon and/or after delivery on board the carrying vessel(s). Buyer shall obtain and maintain any licence(s) or permit(s) necessary for the import of the goods in the country of destination.  Buyer’s failure to obtain and/or to maintain such license(s) or permit(s) shall not amount to frustration, force majeure or prohibition.

Buyer shall be responsible for and shall assume all risks associated with quarantine or other import restrictions present or future, at Discharge Port and/or country of destination. Any delays or failure to perform due to quarantine or other import restrictions shall not be sufficient grounds for a claim of force majeure.","Clause Nos:R503
Template Name:Grains_En"
"Risk and Title:

Risk of loss, contamination, deterioration or damage to the goods shall pass to Buyer from the time the goods have passed the rail of the carrying vessel(s) at the port of shipment.

Title to the goods shall pass to Buyer upon receipt of payment in full by Seller from Buyer without deduction, set off, withholding or counterclaim whatsoever.

","Clause Nos:R503
Template Name:Grains_En"
"The Buyer shall nominate a port facility which is fully compliant with the International Code for the Security of Ships and of Port Facilities and the relevant amendments to Chapter XI of SOLAS and all amendments from time to time in force (ISPS Code) and where the discharge port is within the USA and US territories or waters, with the US Maritime Transportation Security Act 2002 (MTSA) (the ""Security Requirements""). The Seller shall nominate a Vessel that complies fully with all the Security Requirements. Upon request, the Seller shall, inter alia, provide the relevant International Ship Security Certificate (ISSC) or the Interim International Ship Security Certificate. Any risks and any loss, damages, expense or delay, caused by failure on the part of the Buyer to nominate a port facility fully compliant with the Security Requirements or solely arising out of or related to security regulations or measures required by the port facility or any relevant authority in accordance with the","Clause Nos:R502
Template Name:Grains_En"
"or measures required by the port facility or any relevant authority in accordance with the Security Requirements, shall be for the Buyer’s account, unless such loss, damages, expense or delay result from Seller’s or its vessel’s negligence or active fault. Any risks and any loss, damages, expense or delay, including, but not limited to, demurrage, carrying charges, levies or taxes, caused by failure on the part of the Seller to nominate a Vessel fully compliant with the Security Requirements shall be for the Seller’s account. If either party makes any payment which is for the other party’s account according to this Clause, the other party shall indemnify the paying party.","Clause Nos:R502
Template Name:Grains_En"
"Should the nominated port facility or the nominated vessel cease to comply with the Security Requirements, the party that was responsible for such nomination shall immediately take appropriate measures to rectify their failure, including but not limited to arranging a substitute, notwithstanding any prior acceptance of the other party, and the resulting loss, damages, expense or delay shall be for the account of that party.

General Compliance Clause:

The parties warrant, represent and undertake to each other, that they will comply with all applicable laws, rules and regulations including without limitation sanctions, anti-corruption, anti-money laundering and tax laws in performing this Contract.
","Clause Nos:R502
Template Name:Grains_En"
"General Sanction Clause:

The parties represent, warrant and undertake to each other that:

neither they nor any of their subsidiaries (collectively, the “Parties”) or directors, senior executives or officers, or to the knowledge of the Parties, any person on whose behalf the Parties are acting in connection with the Contract, is an individual or entity (“Person”) that is, or is 50% or more owned or controlled by, a Person (or Persons) that is the subject of any economic or financial sanctions or trade embargoes administered or enforced by the U.S. Department of the Treasury’s Office of Foreign Assets Control (“OFAC”), the U.S. Departments of State or Commerce, the United Nations Security Council (“UNSC”), the European Union (“EU”), or other applicable sanctions authority (collectively, “Sanctions”) (collectively, a ""Sanctioned Person"");","Clause Nos:R879
Template Name:Grains_En"
"no Sanctioned Person has any beneficial or other property interest in the Contract nor will have any participation in or derive any other financial or economic benefit from the Contract, 

they will not use, or make available, the Commodity or funds (as applicable) provided by the other party in terms of the Contract to fund or facilitate any activities or business of, with or related to any Sanctioned Person, or in any manner that would result in a violation of Sanctions, and","Clause Nos:R879
Template Name:Grains_En"
"they will not use or make available the Commodity or funds (as applicable) provided by the other party in terms of the Contract to fund or facilitate any activities or business of, with or related to any country or territory that is the subject of comprehensive (i.e., country-wide or territory-wide) Sanctions (including, as of the date of signature of this contract, Cuba, Iran, North Korea, Syria, Crimea and the non-government controlled areas of Ukraine in the oblasts of Donetsk, Kherson, Luhansk and Zaporizhzia) (a ""Sanctioned Country""), unless such activity complies with all applicable Sanctions and does not place either party in violation of Sanctions. The Buyer will inform the Seller immediately, but latest prior to commencement of loading/prior to shipment, about any sale to a Sanctioned Country.

Seller represents and warrants that the Commodity has not originated or come from or through any Sanctioned Country.","Clause Nos:R869
Template Name:Grains_En"
"Without prejudice to its other rights under this clause, in order to ensure compliance with Sanctions, the Seller may, without prejudice to any other rights, require payment in Euro, exchange rate to be used will be the Bloomberg Fixing or another mutually agreed USD/EUR exchange rate, two business days prior to the payment date  , unless it is proven to Seller's satisfaction that the transaction is covered by a valid OFAC licence. Likewise, the Buyer may also require to pay in EURO.","Clause Nos:R876
Template Name:Grains_En"
"If either party is of the reasonable opinion that the other party has breached this clause, it may (without incurring any liability of any nature to the other party whatsoever) terminate or suspend all or any part of the Contract with immediate effect by notice to the other party or take any other action it deems necessary in order for it to comply with applicable sanctions. The other party shall be liable for any and all costs, liabilities and expenses whatsoever incurred by it due to exercising its rights under this clause.

","Clause Nos:R878
Template Name:Grains_En"
"Anti-corruption clause:

Each party respectively agrees and undertakes to the other that, in connection with this Contract, it is aware, understands and will fully comply with all applicable anti-corruption laws, regulations, and/or other requirements, including but not limited to the U.S. Foreign Corrupt Practices Act, the UK Anti-Bribery Act 2010, those of the E.U. (or its respective Member States) and the OECD Anti-Bribery Convention (“Applicable Legislation”). 

In particular, each party respectively represents, warrants and undertakes to the other that it shall not, directly or indirectly, undertake any activity or behavior listed in a)-c) below if this is in violation of or inconsistent with the Applicable Legislation on combating bribery in business transactions:","Clause Nos:R94
Template Name:Grains_En"
"offer, promise, give, authorize, request, agree to receive or accept the payment of any financial advantage or any other things of value to the following persons, with the reasonable knowledge that it will be used for the purpose of obtaining any improper benefit or to improperly influence any act or decision by such persons or party for the purpose of obtaining, retaining, or directing business:

a public official, being (1) an officer, employee or representative of any national or local government institution, state-owned or controlled enterprise, or supranational organisation; (2) a legislative, administrative or judicial official; (3) an officer or representative of a political party or a political candidate; or (4) a person who otherwise exercises a public function for or on behalf of any country.

any other person, individual or entity in relation to business transactions, being also referred to as commercial bribery;","Clause Nos:R94
Template Name:Grains_En"
"any other person, individual or entity at the suggestion, request or direction or for the benefit of any of the above-described persons and entities; or

pay a facilitation payment, being a payment or offer made to officials with the intention of  enabling or speeding up the process of a service that the payer is entitled to.

engage in other acts or transactions in violation of or inconsistent with the Applicable Legislation. 
","Clause Nos:R502
Template Name:Grains_En"
"Vessel Compliance:

The parties warrant and represent that it will not nominate and/or appropriate any vessel in the performance of their obligations under this Contract in violation of US sanctions, European Union sanctions or any other applicable sanctions (hereinafter, """"Sanctions"""") or which would put either party in breach, or under designation risk, of Sanctions.","Clause Nos:R871
Template Name:Grains_En"
"Parties will have the right to reject any nomination and/or appropriation which (a) violates any Sanctions, (b) puts either party in breach, or under designation risk, of any Sanctions, or (c) otherwise involves a vessel that is the subject of any Sanctions (including, but not limited to, vessels that are the subject of Sanctions due to ownership or country of registration, or that appear on any Sanctions list), by serving a rejection notice on the other party detailing the grounds for the rejection. Service of such notice shall not constitute a breach of this Contract and parties shall not be liable to the other party for any losses, claims, costs, expenses, damages or liabilities arising in connection with any such rejection. If parties reject a nomination and/or appropriation on these grounds they shall be entitled, at their sole discretion, to (i) require the other party to promptly nominate and/or appropriate a suitable substitute vessel; or (ii) terminate this Contract.","Clause Nos:R10
Template Name:Grains_En"
"To the full extent permitted by applicable law, the parties shall indemnify each other against any and all costs, expenses, losses and liabilities it incurs as a result of the other party nominating and/or appropriating a vessel in breach of this clause.

Any exercise by the party of its right under this clause shall be without prejudice to any other rights or remedies of it under the Contract.

","Clause Nos:R13
Template Name:Grains_En"
"Other Conditions:

All other terms and conditions not conflicting with this contract shall be as per GAFTA 100/125, of which both parties acknowledge that they have knowledge and notice.

","Clause Nos:R25
Template Name:Grains_En"
"This contract shall be governed by and construed in accordance with English law.

","Clause Nos:R484
Template Name:Grains_En"
