section,row,document1,document2,score
ownerdetails,0,"Pasternak Baum & Co Inc
500 Mamaroneck Ave FL 5
10528 Harrison
New York
United States of America","Al Rashid Yem Ve Gida San.Tic. Ltd. Sti
Klas Plaza A Blok No 78 Kat: 13 Ofis:26
Yeni Mah. Ismet Inonu Bulv. Klas Plaza
33050 Akdeniz
Mersin
Turkey",[1.0091865]
ref,1,"WH/BR
We confirm the following sale:","DV/TR
We confirm the following sale:",[0.41604108]
contractdate,2,23-Dec-22,10-Oct-22,[0.5313736]
buyers,3,"Pasternak Baum & Co Inc
500 Mamaroneck Ave FL 5
10528 Harrison
New York
United States of America","Al Rashid Yem Ve Gida San.Tic. Ltd. Sti
Klas Plaza A Blok No 78 Kat: 13 Ofis:26
Yeni Mah. Ismet Inonu Bulv. Klas Plaza
33050 Akdeniz
Mersin
Turkey",[1.0091865]
commodity,9,Canadian Canola – Crop 2021 – GMOCrude Degummed Rapeseedoil,"Any and all disputes arising out of or in connection with this contract including any question regarding its existence, validity or termination or any amendments/settlements related to this contract shall be referred to and finally resolved by arbitration in accordance with the Arbitration Rules No. 125, of the Grain and Feed Trade Association, in the edition current at the date of this contract, such Rules forming part of this contract and of which both parties hereto shall be deemed to be cognizant. The juridical seat of arbitration shall be England.Seller warrants that at the time of delivery the goods shall be of the quality specifications set out above. No warranties/guarantees whatsoever are given by Seller concerning pesticide residues in the goods unless clearly and expressly set out in the quality specifications set out above.
Quality and condition shall be determined at loading as per certificate(s) issued by a first class independent superintendent at In buyers option and for Seller’s account, but jointly appointed by the parties.  Certificate(s) issued shall be final and binding on the parties except in case of fraud, manifest error or replacement/corrective certificate.","[1.4921384, 1.4587817]"
origin,6,European Union.,Argentina.,[1.2010931]
quality,7,"All sampling and analysis to be strictly in accordance with methods and rules of the contractual underlying form, unless agreed otherwise. Method used to be apparent on face of certificate.
Delivery Period from 01-Sep-23 to 30-Sep-23, both dates inclusive.
Transit.","All sampling and analysis to be strictly in accordance with methods and rules of the contractual underlying form, unless agreed otherwise. Method used to be apparent on face of certificate.",[0.6617643]
payment,8,"Net cash by telegraphic transfer, at Buyer’s expense, to Seller’s bank for 100% of the invoice value within [insert number of days] days from presentation of the original payment documents set out below to [insert Bank name] on a collection basis.  Time of payment shall be of the essence. 
Any cost and consequence for delay of payment including loss of interest and/or demurrage/detention to be for Buyers’ account.
All payments under this contract (not limited to the payment of the goods) are to be done in EURO.","Any cost and consequence for delay of payment including loss of interest and/or demurrage/detention to be for Buyers’ account.
All payments under this contract (not limited to the payment of the goods) are to be done in EURO.",[0.5010167]
arbitration,19,"Any and all disputes arising out of or in connection with this contract including any question regarding its existence, validity or termination or any amendments/settlements related to this contract shall be referred to and finally resolved by arbitration in accordance with the Rules of Arbitration and Appeal of the Federation of Oils, Seeds and Fats Associations Limited in the edition current at the date of this contract, such Rules forming part of this contract and of which both parties hereto shall be deemed to be cognizant. The juridical seat of arbitration shall be England.Nothing contained in the FOSFA Arbitration Clause shall prevent the parties from seeking to obtain security in respect of their claim or counterclaim via Legal proceedings in any jurisdiction, provided such Legal proceedings shall be limited to applying for and/or obtaining security for a claim or counterclaim, it being understood and agreed that the substantive merits of any dispute or claim shall be determined solely by arbitration in accordance with the FOSFA Rules of Arbitration and Appeal.","Any and all disputes arising out of or in connection with this contract including any question regarding its existence, validity or termination or any amendments/settlements related to this contract shall be referred to and finally resolved by arbitration in accordance with the Arbitration Rules No. 125, of the Grain and Feed Trade Association, in the edition current at the date of this contract, such Rules forming part of this contract and of which both parties hereto shall be deemed to be cognizant. The juridical seat of arbitration shall be England.Any and all disputes arising out of or in connection with this contract including any question regarding its existence, validity or termination or any amendments/settlements related to this contract shall be referred to and finally resolved by arbitration in accordance with the Arbitration Rules No. 125, of the Grain and Feed Trade Association, in the edition current at the date of this contract, such Rules forming part of this contract and of which both parties hereto shall be deemed to be cognizant. The juridical seat of arbitration shall be England.","[0.33475128, 1.1520839]"
