section,row,document1,document2,score
contractref,0,"VTBV.2227283

Please refer to this number in all correspondence to enable immediate identification.","VTBV.2221777

Please refer to this number in all correspondence to enable immediate identification.",[0.0026816297]
sellers,1,"Viterra B.V.
Blaak 31
3011 GA Rotterdam
Zuid-Holland
Netherlands","Viterra B.V.
Blaak 31
3011 GA Rotterdam
Zuid-Holland
Netherlands",[0.0]
quality,2,"Seller warrants that at the time of delivery the goods shall be of the quality specifications set out above. No warranties/guarantees whatsoever are given by Seller concerning pesticide residues in the goods unless clearly and expressly set out in the quality specifications set out above.
Quality and condition shall be determined at loading as per certificate(s) issued by a first class independent superintendent at  and for Seller’s account, but jointly appointed by the parties.  Certificate(s) issued shall be final and binding on the parties except in case of fraud, manifest error or replacement/corrective certificate.","Seller warrants that at the time of delivery the goods shall be of the quality specifications set out above. No warranties/guarantees whatsoever are given by Seller concerning pesticide residues in the goods unless clearly and expressly set out in the quality specifications set out above.
Quality and condition shall be determined at loading as per certificate(s) issued by a first class independent superintendent at In buyers option and for Seller’s account, but jointly appointed by the parties.  Certificate(s) issued shall be final and binding on the parties except in case of fraud, manifest error or replacement/corrective certificate.",[0.0020058362]
payment,3,"Any cost and consequence for delay of payment including loss of interest and/or demurrage/detention to be for Buyers’ account.
All payments under this contract (not limited to the payment of the goods) are to be done in EURO.","Any cost and consequence for delay of payment including loss of interest and/or demurrage/detention to be for Buyers’ account.
All payments under this contract (not limited to the payment of the goods) are to be done in EURO.",[0.0]
"licences,duties,taxesetc",30,"Seller shall be responsible for obtaining any necessary export licence(s), consent(s), authorisation(s) or permit(s) necessary for the export of the goods from the country of origin and any consequences, costs, expenses etc suffered by Buyer due to delay or failure by Seller to obtain any such licence(s) etc shall be for Seller’s account. Seller’s failure to obtain and/or maintain such licence(s) etc shall not amount to frustration, force majeure or prohibition.Buyer shall be responsible for and shall indemnify Seller in respect of any duties, taxes, imports, fees or changes arising in connection with the goods or their import or use (including but not limited to all governmental charges imposed in the country of destination and any action taken by the import authorities in the country of destination) upon and/or after delivery on board the carrying vessel(s). Buyer shall obtain and maintain any licence(s) or permit(s) necessary for the import of the goods in the country of destination.  Buyer’s failure to obtain and/or to maintain such license(s) or permit(s) shall not amount to frustration, force majeure or prohibition.Seller shall be responsible for obtaining any necessary export licence(s), consent(s), authorisation(s) or permit(s) necessary for the export of the goods from the country of origin and any consequences, costs, expenses etc suffered by Buyer due to delay or failure by Seller to obtain any such licence(s) etc shall be for Seller’s account. Seller’s failure to obtain and/or maintain such licence(s) etc shall not amount to frustration, force majeure or prohibition.Buyer shall be responsible for and shall indemnify Seller in respect of any duties, taxes, imports, fees or changes arising in connection with the goods or their import or use (including but not limited to all governmental charges imposed in the country of destination and any action taken by the import authorities in the country of destination) upon and/or after delivery on board the carrying vessel(s). Buyer shall obtain and maintain any licence(s) or permit(s) necessary for the import of the goods in the country of destination.  Buyer’s failure to obtain and/or to maintain such license(s) or permit(s) shall not amount to frustration, force majeure or prohibition.Buyer shall be responsible for and shall assume all risks associated with quarantine or other import restrictions present or future, at Discharge Port and/or country of destination. Any delays or failure to perform due to quarantine or other import restrictions shall not be sufficient grounds for a claim of force majeure.","Seller shall be responsible for obtaining any necessary export licence(s), consent(s), authorisation(s) or permit(s) necessary for the export of the goods from the country of origin and any consequences, costs, expenses etc suffered by Buyer due to delay or failure by Seller to obtain any such licence(s) etc shall be for Seller’s account. Seller’s failure to obtain and/or maintain such licence(s) etc shall not amount to frustration, force majeure or prohibition.Buyer shall be responsible for and shall indemnify Seller in respect of any duties, taxes, imports, fees or changes arising in connection with the goods or their import or use (including but not limited to all governmental charges imposed in the country of destination and any action taken by the import authorities in the country of destination) upon and/or after delivery on board the carrying vessel(s). Buyer shall obtain and maintain any licence(s) or permit(s) necessary for the import of the goods in the country of destination.  Buyer’s failure to obtain and/or to maintain such license(s) or permit(s) shall not amount to frustration, force majeure or prohibition.Seller shall be responsible for obtaining any necessary export licence(s), consent(s), authorisation(s) or permit(s) necessary for the export of the goods from the country of origin and any consequences, costs, expenses etc suffered by Buyer due to delay or failure by Seller to obtain any such licence(s) etc shall be for Seller’s account. Seller’s failure to obtain and/or maintain such licence(s) etc shall not amount to frustration, force majeure or prohibition.Buyer shall be responsible for and shall indemnify Seller in respect of any duties, taxes, imports, fees or changes arising in connection with the goods or their import or use (including but not limited to all governmental charges imposed in the country of destination and any action taken by the import authorities in the country of destination) upon and/or after delivery on board the carrying vessel(s). Buyer shall obtain and maintain any licence(s) or permit(s) necessary for the import of the goods in the country of destination.  Buyer’s failure to obtain and/or to maintain such license(s) or permit(s) shall not amount to frustration, force majeure or prohibition.Buyer shall be responsible for and shall assume all risks associated with quarantine or other import restrictions present or future, at Discharge Port and/or country of destination. Any delays or failure to perform due to quarantine or other import restrictions shall not be sufficient grounds for a claim of force majeure.","[1.935506e-13, 1.3798019e-13, 1.935506e-13, 1.3798019e-13, 0.0]"
riskandtitle,9,"Risk of loss, contamination, deterioration or damage to the goods shall pass to Buyer from the time the goods have passed the rail of the carrying vessel(s) at the port of shipment.
Title to the goods shall pass to Buyer upon receipt of payment in full by Seller from Buyer without deduction, set off, withholding or counterclaim whatsoever.","Risk of loss, contamination, deterioration or damage to the goods shall pass to Buyer from the time the goods have passed the rail of the carrying vessel(s) at the port of shipment.
Title to the goods shall pass to Buyer upon receipt of payment in full by Seller from Buyer without deduction, set off, withholding or counterclaim whatsoever.",[1.895658e-13]
limitationofliability,10,"Neither party shall be liable to the other for any indirect or consequential losses or expenses including (without limitation) loss of anticipated profit, loss of opportunity, loss of capital or business interruption, market reputation, hedging or other derivative losses, whether or not foreseeable, arising from any breach of this contract.","Neither party shall be liable to the other for any indirect or consequential losses or expenses including (without limitation) loss of anticipated profit, loss of opportunity, loss of capital or business interruption, market reputation, hedging or other derivative losses, whether or not foreseeable, arising from any breach of this contract.",[3.2623077e-13]
ispscode,50,"The Buyer shall nominate a port facility which is fully compliant with the International Code for the Security of Ships and of Port Facilities and the relevant amendments to Chapter XI of SOLAS and all amendments from time to time in force (ISPS Code) and where the discharge port is within the USA and US territories or waters, with the US Maritime Transportation Security Act 2002 (MTSA) (the ""Security Requirements""). The Seller shall nominate a Vessel that complies fully with all the Security Requirements. Upon request, the Seller shall, inter alia, provide the relevant International Ship Security Certificate (ISSC) or the Interim International Ship Security Certificate. Any risks and any loss, damages, expense or delay, caused by failure on the part of the Buyer to nominate a porton the part of the Buyer to nominate a port facility fully compliant with the Security Requirements or solely arising out of or related to security regulations or measures required by the port facility or any relevant authority in accordance with the Security Requirements, shall be for the Buyer’s account, unless such loss, damages, expense or delay result from Seller’s or its vessel’s negligence or active fault. Any risks and any loss, damages, expense or delay, including, but not limited to, demurrage, carrying charges, levies or taxes, caused by failure on the part of the Seller to nominate a Vessel fully compliant with the Security Requirements shall be for the Seller’s account. If either party makes any payment which is for the other party’s account according to this Clause, theparty’s account according to this Clause, the other party shall indemnify the paying party.Should the nominated port facility or the nominated vessel cease to comply with the Security Requirements, the party that was responsible for such nomination shall immediately take appropriate measures to rectify their failure, including but not limited to arranging a substitute, notwithstanding any prior acceptance of the other party, and the resulting loss, damages, expense or delay shall be for the account of that party.","The Buyer shall nominate a port facility which is fully compliant with the International Code for the Security of Ships and of Port Facilities and the relevant amendments to Chapter XI of SOLAS and all amendments from time to time in force (ISPS Code) and where the discharge port is within the USA and US territories or waters, with the US Maritime Transportation Security Act 2002 (MTSA) (the ""Security Requirements""). The Seller shall nominate a Vessel that complies fully with all the Security Requirements. Upon request, the Seller shall, inter alia, provide the relevant International Ship Security Certificate (ISSC) or the Interim International Ship Security Certificate. Any risks and any loss, damages, expense or delay, caused by failure on the part of the Buyer to nominate a porton the part of the Buyer to nominate a port facility fully compliant with the Security Requirements or solely arising out of or related to security regulations or measures required by the port facility or any relevant authority in accordance with the Security Requirements, shall be for the Buyer’s account, unless such loss, damages, expense or delay result from Seller’s or its vessel’s negligence or active fault. Any risks and any loss, damages, expense or delay, including, but not limited to, demurrage, carrying charges, levies or taxes, caused by failure on the part of the Seller to nominate a Vessel fully compliant with the Security Requirements shall be for the Seller’s account. If either party makes any payment which is for the other party’s account according to this Clause, theparty’s account according to this Clause, the other party shall indemnify the paying party.Should the nominated port facility or the nominated vessel cease to comply with the Security Requirements, the party that was responsible for such nomination shall immediately take appropriate measures to rectify their failure, including but not limited to arranging a substitute, notwithstanding any prior acceptance of the other party, and the resulting loss, damages, expense or delay shall be for the account of that party.","[1.658674e-13, 1.1556567e-13, 0.0, 1.687661e-13]"
generalcomplianceclause,15,"The parties warrant, represent and undertake to each other, that they will comply with all applicable laws, rules and regulations including without limitation sanctions, anti-corruption, anti-money laundering and tax laws in performing this Contract.","The parties warrant, represent and undertake to each other, that they will comply with all applicable laws, rules and regulations including without limitation sanctions, anti-corruption, anti-money laundering and tax laws in performing this Contract.",[0.0]
generalsanctionclause,133,"The parties represent, warrant and undertake to each other that:neither they nor any of their subsidiaries (collectively, the “Parties”) or directors, senior executives or officers, or to the knowledge of the Parties, any person on whose behalf the Parties are acting in connection with the Contract, is an individual or entity (“Person”) that is, or is 50% or more owned or controlled by, a Person (or Persons) that is the subject of any economic or financial sanctions or trade embargoes administered or enforced by the U.S. Department of the Treasury’s Office of Foreign Assets Control (“OFAC”), the U.S. Departments of State or Commerce, the United Nations Security Council (“UNSC”), the European Union (“EU”), or other applicable sanctions authority (collectively, “Sanctions”) (collectively, a ""Sanctioned Person"");no Sanctioned Person has any beneficial or other property interest in the Contract nor will have any participation in or derive any other financial or economic benefit from the Contract, 
they will not use, or make available, the Commodity or funds (as applicable) provided by the other party in terms of the Contract to fund or facilitate any activities or business of, with or related to any Sanctioned Person, or in any manner that would result in a violation of Sanctions, andthey will not use or make available the Commodity or funds (as applicable) provided by the other party in terms of the Contract to fund or facilitate any activities or business of, with or related to any country or territory that is the subject of comprehensive (i.e., country-wide or territory-wide) Sanctions (including, as of the date of signature of this contract, Cuba, Iran, North Korea, Syria, Crimea and the non-government controlled areas of Ukraine in the oblasts of Donetsk, Kherson, Luhansk and Zaporizhzia) (a ""Sanctioned Country""), unless such activity complies with all applicable Sanctions and does not place either party in violation of Sanctions. The Buyer will inform the Seller immediately, but latest prior to commencement of loading/prior to shipment, about any sale to aof loading/prior to shipment, about any sale to a Sanctioned Country.Seller represents and warrants that the Commodity has not originated or come from or through any Sanctioned Country.
Without prejudice to its other rights under this clause, in order to ensure compliance with Sanctions, the Seller may, without prejudice to any other rights, require payment in Euro, exchange rate to be used will be the Bloomberg Fixing or another mutually agreed USD/EUR exchange rate, two business days prior to the payment date  , unless it is proven to Seller's satisfaction that the transaction is covered by a valid OFAC licence. Likewise, the Buyer may also require to pay in EURO.If either party is of the reasonable opinion that the other party has breached this clause, it may (without incurring any liability of any nature to the other party whatsoever) terminate or suspend all or any part of the Contract with immediate effect by notice to the other party or take any other action it deems necessary in order for it to comply with applicable sanctions. The other party shall be liable for any and all costs, liabilities and expenses whatsoever incurred by it due to exercising its rights under this clause.","The parties represent, warrant and undertake to each other that:neither they nor any of their subsidiaries (collectively, the “Parties”) or directors, senior executives or officers, or to the knowledge of the Parties, any person on whose behalf the Parties are acting in connection with the Contract, is an individual or entity (“Person”) that is, or is 50% or more owned or controlled by, a Person (or Persons) that is the subject of any economic or financial sanctions or trade embargoes administered or enforced by the U.S. Department of the Treasury’s Office of Foreign Assets Control (“OFAC”), the U.S. Departments of State or Commerce, the United Nations Security Council (“UNSC”), the European Union (“EU”), or other applicable sanctions authority (collectively, “Sanctions”) (collectively, a ""Sanctioned Person"");no Sanctioned Person has any beneficial or other property interest in the Contract nor will have any participation in or derive any other financial or economic benefit from the Contract, 
they will not use, or make available, the Commodity or funds (as applicable) provided by the other party in terms of the Contract to fund or facilitate any activities or business of, with or related to any Sanctioned Person, or in any manner that would result in a violation of Sanctions, andthey will not use or make available the Commodity or funds (as applicable) provided by the other party in terms of the Contract to fund or facilitate any activities or business of, with or related to any country or territory that is the subject of comprehensive (i.e., country-wide or territory-wide) Sanctions (including, as of the date of signature of this contract, Cuba, Iran, North Korea, Syria, Crimea and the non-government controlled areas of Ukraine in the oblasts of Donetsk, Kherson, Luhansk and Zaporizhzia) (a ""Sanctioned Country""), unless such activity complies with all applicable Sanctions and does not place either party in violation of Sanctions. The Buyer will inform the Seller immediately, but latest prior to commencement of loading/prior to shipment, about any sale to aof loading/prior to shipment, about any sale to a Sanctioned Country.Seller represents and warrants that the Commodity has not originated or come from or through any Sanctioned Country.
Without prejudice to its other rights under this clause, in order to ensure compliance with Sanctions, the Seller may, without prejudice to any other rights, require payment in Euro, exchange rate to be used will be the Bloomberg Fixing or another mutually agreed USD/EUR exchange rate, two business days prior to the payment date  , unless it is proven to Seller's satisfaction that the transaction is covered by a valid OFAC licence. Likewise, the Buyer may also require to pay in EURO.If either party is of the reasonable opinion that the other party has breached this clause, it may (without incurring any liability of any nature to the other party whatsoever) terminate or suspend all or any part of the Contract with immediate effect by notice to the other party or take any other action it deems necessary in order for it to comply with applicable sanctions. The other party shall be liable for any and all costs, liabilities and expenses whatsoever incurred by it due to exercising its rights under this clause.","[3.705274e-13, 1.9421517e-13, 2.0703576e-13, 1.3907899e-13, 0.0, 1.5397313e-13, 1.935307e-13]"
anti-corruptionclause,98,"Each party respectively agrees and undertakes to the other that, in connection with this Contract, it is aware, understands and will fully comply with all applicable anti-corruption laws, regulations, and/or other requirements, including but not limited to the U.S. Foreign Corrupt Practices Act, the UK Anti-Bribery Act 2010, those of the E.U. (or its respective Member States) and the OECD Anti-Bribery Convention (“Applicable Legislation”). 
In particular, each party respectively represents, warrants and undertakes to the other that it shall not, directly or indirectly, undertake any activity or behavior listed in a)-c) below if this is in violation of or inconsistent with the Applicable Legislation on combating bribery in business transactions:offer, promise, give, authorize, request, agree to receive or accept the payment of any financial advantage or any other things of value to the following persons, with the reasonable knowledge that it will be used for the purpose of obtaining any improper benefit or to improperly influence any act or decision by such persons or party for the purpose of obtaining, retaining, or directing business:a public official, being (1) an officer, employee or representative of any national or local government institution, state-owned or controlled enterprise, or supranational organisation; (2) a legislative, administrative or judicial official; (3) an officer or representative of a political party or a political candidate; or (4) a person who otherwise exercises a public function for or on behalf of any country.
any other person, individual or entity in relation to business transactions, being also referred to as commercial bribery;
any other person, individual or entity at the suggestion, request or direction or for the benefit of any of the above-described persons and entities; orpay a facilitation payment, being a payment or offer made to officials with the intention of  enabling or speeding up the process of a service that the payer is entitled to.
engage in other acts or transactions in violation of or inconsistent with the Applicable Legislation. 
If either party is in breach of this clause, the other party may (without incurring any liability of any nature to the party in breach whatsoever) terminate or suspend all or any part of the Contract with immediate effect by giving notice to the party in breach or take any other action it deems necessary in order for it to comply with Applicable Legislation. The party in breach shall be liable for any and all costs, liabilities and expenses whatsoever incurred by it due to exercising its rights under this clause.","Each party respectively agrees and undertakes to the other that, in connection with this Contract, it is aware, understands and will fully comply with all applicable anti-corruption laws, regulations, and/or other requirements, including but not limited to the U.S. Foreign Corrupt Practices Act, the UK Anti-Bribery Act 2010, those of the E.U. (or its respective Member States) and the OECD Anti-Bribery Convention (“Applicable Legislation”). 
In particular, each party respectively represents, warrants and undertakes to the other that it shall not, directly or indirectly, undertake any activity or behavior listed in a)-c) below if this is in violation of or inconsistent with the Applicable Legislation on combating bribery in business transactions:offer, promise, give, authorize, request, agree to receive or accept the payment of any financial advantage or any other things of value to the following persons, with the reasonable knowledge that it will be used for the purpose of obtaining any improper benefit or to improperly influence any act or decision by such persons or party for the purpose of obtaining, retaining, or directing business:a public official, being (1) an officer, employee or representative of any national or local government institution, state-owned or controlled enterprise, or supranational organisation; (2) a legislative, administrative or judicial official; (3) an officer or representative of a political party or a political candidate; or (4) a person who otherwise exercises a public function for or on behalf of any country.
any other person, individual or entity in relation to business transactions, being also referred to as commercial bribery;
any other person, individual or entity at the suggestion, request or direction or for the benefit of any of the above-described persons and entities; orpay a facilitation payment, being a payment or offer made to officials with the intention of  enabling or speeding up the process of a service that the payer is entitled to.
engage in other acts or transactions in violation of or inconsistent with the Applicable Legislation. 
If either party is in breach of this clause, the other party may (without incurring any liability of any nature to the party in breach whatsoever) terminate or suspend all or any part of the Contract with immediate effect by giving notice to the party in breach or take any other action it deems necessary in order for it to comply with Applicable Legislation. The party in breach shall be liable for any and all costs, liabilities and expenses whatsoever incurred by it due to exercising its rights under this clause.","[1.6742491e-13, 2.6067934e-13, 3.3238435e-13, 2.5233879e-13]"
vesselcompliance,114,"The parties warrant and represent that it will not nominate and/or appropriate any vessel in the performance of their obligations under this Contract in violation of US sanctions, European Union sanctions or any other applicable sanctions (hereinafter, """"Sanctions"""") or which would put either party in breach, or under designation risk, of Sanctions.Parties will have the right to reject any nomination and/or appropriation which (a) violates any Sanctions, (b) puts either party in breach, or under designation risk, of any Sanctions, or (c) otherwise involves a vessel that is the subject of any Sanctions (including, but not limited to, vessels that are the subject of Sanctions due to ownership or country of registration, or that appear on any Sanctions list), by serving a rejection notice on the other party detailing the grounds for the rejection. Service of such notice shall not constitute a breach of this Contract and parties shall not be liable to the other party for any losses, claims, costs, expenses, damages or liabilities arising in connection with any such rejection. If parties reject a nomination and/or appropriation on thesereject a nomination and/or appropriation on these grounds they shall be entitled, at their sole discretion, to (i) require the other party to promptly nominate and/or appropriate a suitable substitute vessel; or (ii) terminate this Contract.To the full extent permitted by applicable law, the parties shall indemnify each other against any and all costs, expenses, losses and liabilities it incurs as a result of the other party nominating and/or appropriating a vessel in breach of this clause.
Any exercise by the party of its right under this clause shall be without prejudice to any other rights or remedies of it under the Contract.","The parties warrant and represent that it will not nominate and/or appropriate any vessel in the performance of their obligations under this Contract in violation of US sanctions, European Union sanctions or any other applicable sanctions (hereinafter, """"Sanctions"""") or which would put either party in breach, or under designation risk, of Sanctions.Parties will have the right to reject any nomination and/or appropriation which (a) violates any Sanctions, (b) puts either party in breach, or under designation risk, of any Sanctions, or (c) otherwise involves a vessel that is the subject of any Sanctions (including, but not limited to, vessels that are the subject of Sanctions due to ownership or country of registration, or that appear on any Sanctions list), by serving a rejection notice on the other party detailing the grounds for the rejection. Service of such notice shall not constitute a breach of this Contract and parties shall not be liable to the other party for any losses, claims, costs, expenses, damages or liabilities arising in connection with any such rejection. If parties reject a nomination and/or appropriation on thesereject a nomination and/or appropriation on these grounds they shall be entitled, at their sole discretion, to (i) require the other party to promptly nominate and/or appropriate a suitable substitute vessel; or (ii) terminate this Contract.To the full extent permitted by applicable law, the parties shall indemnify each other against any and all costs, expenses, losses and liabilities it incurs as a result of the other party nominating and/or appropriating a vessel in breach of this clause.
Any exercise by the party of its right under this clause shall be without prejudice to any other rights or remedies of it under the Contract.","[2.3180622e-13, 1.5580503e-13, 0.0, 2.2083972e-13]"
assignmentclause,31,"Neither party shall assign, transfer or delegate any of its rights and/or obligations under this contract without the prior written consent of the other party (such consent not to be unreasonably withheld or delayed). In case of Viterra, such assignment or transfer does not require consent if it is to or for the benefit of one or more of its financing banks and/or its insurers.","Neither party shall assign, transfer or delegate any of its rights and/or obligations under this contract without the prior written consent of the other party (such consent not to be unreasonably withheld or delayed). In case of Viterra, such assignment or transfer does not require consent if it is to or for the benefit of one or more of its financing banks and/or its insurers.",[2.2433907e-13]
otherconditions,32,"All other terms and conditions not conflicting with this contract shall be as per FOSFA 53, of which both parties acknowledge that they have knowledge and notice.","All other terms and conditions not conflicting with this contract shall be as per GAFTA 100/125, of which both parties acknowledge that they have knowledge and notice.",[0.26150626]
governinglaw,33,"This contract shall be governed by and construed in accordance with English law.
Please return to us one original of this contract duly stamped and signed. Any failure to execute and/or return a copy of this contract shall not affect its validity.","This contract shall be governed by and construed in accordance with English law.
Please return to us one original of this contract duly stamped and signed. Any failure to execute and/or return a copy of this contract shall not affect its validity.",[0.0]
