﻿Clause Nos,Template Name,Contract Number,Contract Type Name,Content Section Name,Content Text
R3,"Grains_En
",2124086,Trade Agreement,Commodity,"Crude Sunflowerseedoil
"
R5,"Grains_En
",,Trade Agreement,Holbud Payment Clause,"In case a payment is pending under another contract between Viterra and Holbud with destination Iran at the time that the performing vessel under this contract is berthing, Viterra has the right not to load this vessel until all outstanding amounts under these other contracts are settled. If Viterra makes use of this right, waiting time of the concerned vessel is for Buyers account
"
R6,"Grains_En
",,Trade Agreement,Quality,"Seller warrants that at the time of delivery the goods shall be of the quality specifications set out above. No warranties/guarantees whatsoever are given by Seller concerning pesticide residues in the goods unless clearly and expressly set out in the quality specifications set out above.
Quality and condition shall be determined at loading as per certificate(s) issued by a first class independent superintendent at [Seller’s/Buyer’s] option and for Seller’s account, but jointly appointed by the parties.  Certificate(s) issued shall be final and binding on the parties except in case of fraud, manifest error or replacement/corrective certificate.  
All sampling and analysis to be strictly in accordance with [GAFTA/FOSFA/other?] methods and rules.  Method used to be apparent on face of certificate.
"
R7,"Grains_En
",,Trade Agreement,Quality,"Seller warrants that at the time of delivery the goods shall be of the quality specifications set out above. No warranties/guarantees whatsoever are given by Seller concerning pesticide residues in the goods unless clearly and expressly set out in the quality specifications set out above.
Quality and condition shall be determined at loading as per certificate(s) issued by a first class independent superintendent at [Seller’s/Buyer’s] option and for Seller’s account, but jointly appointed by the parties.  Certificate(s) issued shall be final and binding on the parties except in case of fraud, manifest error or replacement/corrective certificate.  
All sampling and analysis to be strictly in accordance with  Canadian Grain Commission (CGC) methods and rules.  Method used to be apparent on face of certificate.
"
R10,"Grains_En
",2124086,Trade Agreement,General Sanctions clause,"The parties represent, warrant and undertake to each other that:
a) neither they nor any of their subsidiaries (collectively, the “Parties”) or directors, senior executives or officers, or to the knowledge of the Parties, any person on whose behalf the Parties are acting in connection with the Contract, is an individual or entity (“Person”) that is, or is 50% or more owned or controlled by, a Person (or Persons) that is the subject of any economic or financial sanctions or trade embargoes administered or enforced by the U.S. Department of the Treasury’s Office of Foreign Assets Control (“OFAC”), the U.S. Departments of State or Commerce, the United Nations Security Council (“UNSC”), the European Union (“EU”), or other applicable sanctions authority (collectively, “Sanctions”) (collectively, a ""Sanctioned Person""); 
b) no Sanctioned Person has any beneficial or other property interest in the Contract nor will have any participation in or derive any other financial or economic benefit from the Contract, 
c) they will not use, or make available, the Commodity or funds (as applicable) provided by the other party in terms of the Contract to fund or facilitate any activities or business of, with or related to any Sanctioned Person, or in any manner that would result in a violation of Sanctions, and
d) they will not use or make available the Commodity or funds (as applicable) provided by the other party in terms of the Contract to fund or facilitate any activities or business of, with or related to any country or territory that is the subject of comprehensive (i.e., country-wide or territory-wide) Sanctions (including, as of the date of signature of this contract, Cuba, Iran, North Korea, Syria, Crimea and the non-government controlled areas of Ukraine in the oblasts of Donetsk, Kherson, Luhansk and Zaporizhzia) (a ""Sanctioned Country""), unless such activity complies with all applicable Sanctions and does not place either party in violation of Sanctions. The Buyer will inform the Seller immediately, but latest prior to commencement of loading/prior to shipment, about any sale to a Sanctioned Country.
Seller represents and warrants that the Commodity has not originated or come from or through any Sanctioned Country.
Without prejudice to its other rights under this clause, in order to ensure compliance with Sanctions, the Seller may, without prejudice to any other rights, require payment in Euro, exchange rate to be used will be the Bloomberg Fixing or another mutually agreed USD/EUR exchange rate, two business days prior to the payment date  , unless it is proven to Seller's satisfaction that the transaction is covered by a valid OFAC licence. Likewise, the Buyer may also require to pay in EURO.
If either party is of the reasonable opinion that the other party has breached this clause, it may (without incurring any liability of any nature to the other party whatsoever) terminate or suspend all or any part of the Contract with immediate effect by notice to the other party or take any other action it deems necessary in order for it to comply with applicable sanctions. The other party shall be liable for any and all costs, liabilities and expenses whatsoever incurred by it due to exercising its rights under this clause."
R13,"Grains_En
",2124086,Trade Agreement,Assignment Clause,"Neither party shall assign, transfer or delegate any of its rights and/or obligations under this contract without the prior written consent of the other party (such consent not to be unreasonably withheld or delayed). In case of Viterra, such assignment or transfer does not require consent if it is to or for the benefit of one or more of its financing banks and/or its insurers."
R14,"Grains_En
",2124086,Trade Agreement,Arbitration,"Any and all disputes arising out of or in connection with this contract including any question regarding its existence, validity or termination or any amendments/settlements related to this contract shall be referred to and finally resolved by arbitration in accordance with the Rules of Arbitration and Appeal of the Federation of Oils, Seeds and Fats Associations Limited in the edition current at the date of this contract, such Rules forming part of this contract and of which both parties hereto shall be deemed to be cognizant. The juridical seat of arbitration shall be England. 
Nothing contained in the FOSFA Arbitration Clause shall prevent the parties from seeking to obtain security in respect of their claim or counterclaim via Legal proceedings in any jurisdiction, provided such Legal proceedings shall be limited to applying for and/or obtaining security for a claim or counterclaim, it being understood and agreed that the substantive merits of any dispute or claim shall be determined solely by arbitration in accordance with the FOSFA Rules of Arbitration and Appeal.

"
R15,"Grains_En
",2124086,Trade Agreement,Governing Law,This contract shall be governed by and construed in accordance with English law.
R16,"Grains_En
",2200642,Trade Agreement,Commodity,Fit for human consumption.
R18,"Grains_En
",2200642,Trade Agreement,Quality,"
All sanitary requirements as per EU regulations.
"
R19,"Grains_En
",2200642,Trade Agreement,Quality,"SLM free from alive insects. 
"
R25,"Grains_En
",2200642,Trade Agreement,Arbitration,"Any and all disputes arising out of or in connection with this contract including any question regarding its existence, validity or termination or any amendments/settlements related to this contract shall be referred to and finally resolved by arbitration in accordance with the Arbitration Rules No. 125, of the Grain and Feed Trade Association, in the edition current at the date of this contract, such Rules forming part of this contract and of which both parties hereto shall be deemed to be cognizant. 

The juridical seat of arbitration shall be England.
"
R35,"Grains_En
",2202817,Trade Agreement,Quality,"Goods to be free from alive infestation, injurious pests and their stages of development, without foreign smell. "
R44,"Grains_En
",2124388,Trade Agreement,"Commodity exchange:
",Wheat – Minneapolis Grain Exchange.
R47,"Grains_En
",2124388,Trade Agreement,Other conditions,"The terms set out in the Canadian FOB Rider, herein attached, are an integral part of the provisions of this contract confirmation. All other terms and conditions not conflicting with this contract confirmation shall be as per NAEGA No.2, of which both parties acknowledge that they have knowledge and notice."
R48,"Grains_En
",2124666,Trade Agreement,Origin,"French or Canadian or Ukrainian or Argentine. 
In Seller’s option.
"
R49,"Grains_En
",2206765,Trade Agreement,Origin,", seller shall declare origin no later than (****)."
R50,"Grains_En
",2124666,Trade Agreement,Quality,"The barley supplied by the Sellers shall be in sound condition, fit for feed consumption, without any unpleasant odour, free from any signs of mould, fermentation or deterioration as well as free from live insect pests."
R51,"Grains_En
",2124666,Trade Agreement,Quality,"If France Origin: 
The barley supplied by the Sellers shall be in accordance with the regulations of the Ministry of Agriculture and Rural Affairs of the People’s Republic of China.

The cargo is free from evidence of pests and from the following diseases, pests or weeds dangerous to plants:

 Tilletia Controversa (Kuhn) 
 Tilletia Indica Mitra
 Mayetiola destructor(Say)
 Trogoderma granarium Everts
 Lolium Temulentum L; 
 Sorghum Almum Parodi; 
 Prostephanus Truncatus (Horn)
 Sorghum Halepense (L.) Pers; 
 Sitophilus Granarius (Linnaeus)
 Oculimacula yallundae (syn. Pseudocercosporella Herpotrichoides (Fron) Deighton)

         The barley is not from Rhône Alpes area.
"
R52,"Grains_En
",2124666,Trade Agreement,Quality,"If Canadian Origin:  
The barley supplied by the Seller is in compliance with the requirements described in the protocol of phytosanitary requirements of the country of origin and the People’s Republic of China. Phytosanitary certificate issued in quintuplicate issued by Canadian Food Inspection Agency showing destination as China and stating: 

“ THE CONSIGNMENT WAS SHIPPED UNDER THE PHYTOSANITARY ARRANGEMENT BETWEEN THE AQSIQ AND CFIA FOR CANADIAN GRAIN AND OILSEED IMPORTS INTO CHINA. “

or wording in accordance with Canada/China phyto agreement at time of shipment
"
R53,"Grains_En
",2124666,Trade Agreement,Quality,"If Argentinian Origin:
The barley supplied by the seller is in compliance with the requirements described in the protocol of phytosanitary requirements of the country of origin and the People’s Republic of China. Phytosanitary certificate issued in quintuplicate issued by Organizacion Nacional de Proteccion Fitosanitaria de ARGENTINA showing destination as China and stating:

“ The consignment is in compliance with requirements described in the Protocol of Phytosanitary Requirements for the Export of barley from Argentina to China and is free from quarantine pests concerned by China “ 
 
or wording in accordance with Canada Argentine /China phyto agreement at time of shipment.

"
R54,"Grains_En
",2124666,Trade Agreement,Quality,"If Ukraine Origin: 
The barley supplied by the Sellers shall be in accordance with the the requirements of the Protocol signed between Ministry of Agricultural Policy and Food of Ukraine  
(MAPFU) and The General Administration of Quality Supervision, Inspection and Quarantine, Republic of China (AQSIQ).

Phytosanitary certificate issued by the State Service of Ukraine on Food Safety and Consumer Protection stating that:

The consignment is in compliance with phytosanitary requirements described in the Protocol of phytosanitary and inspection requirements for the export of Barley from Ukraine to the People’s Republic of China between the General Administration of Quality Supervision, Inspection and Quarantine of the People’s Republic of China and the Ministry of Agrarian Policy and Food of Ukraine and does not contain the quarantine pests of concern to China

"
R55,"Grains_En
",2124666,Trade Agreement,Quality,"The chemical residues of the barley supplied by the Seller shall not exceed the regulations stipulated by the Ministry of Public Health of the People’s Republic of China and substantiated by a qualified independent laboratory at loading:
"
R56,"Grains_En
",2124666,Trade Agreement,Quality,"If France Origin:
 Arsenic compound shall be a maximum of 0.2ppm (0.2 part per million calculated according to the Arsenious Oxide (AS2O3) content)
 Mercuric compound shall not be found
 Phosphides shall be a maximum of 0.05ppm (0.05 parts per million calculated according to the PH3 content)
 Cyanides shall be a maximum of 5ppm (5 parts per million calculated according to the HCN content)
 Malathion shall be a maximum of 3.0ppm (3 parts per million)   
 Lead shall be a maximum of 0.2ppm (0.2 parts per million)
 Cadmium shall be less than 0.1ppm (0.1 parts per million)
 Cypermethrin shall be a maximum of 2ppm (2 parts per million)
"
R57,"Grains_En
",2124666,Trade Agreement,Quality,"If Canadian Origin:
 Arsenic compound shall be a maximum of 0.2ppm (zero point two part per million calculated according to AS2O3 content)
 Mercuric compound shall not be found
 Phosphides shall be a maximum of 0.05ppm (0.05 part per million calculated according to PH3 content)
 Cyanides shall be a maximum of 5ppm (5 parts per million calculated according to the HCN content)
 Malathion shall be a maximum of 0.1ppm (zero point one part per million)

"
R58,"Grains_En
",2124666,Trade Agreement,Quality,"If Ukraine Origin:
 Arsenic compound shall be a maximum of 1.0 ppm (1 part per million calculated according to the Arsenious Oxide (AS2O3) content)
 Mercuric compound shall not be found
 Phosphides shall be a maximum of 0.05ppm (0.05 parts per million calculated according to the PH3 content)
 Cyanides shall be a maximum of 5ppm (5 parts per million calculated according to the HCN content)
 Malathion shall be a maximum of 2.0ppm (2 parts per million)   
 Ethylene Dibromide (EDB) content shall be a maximum of 10 ppb (10 parts per billion)
"
R59,"Grains_En
",2124666,Trade Agreement,Quality,"If Argentinian Origin:
 Arsenic compound shall be a maximum of 0.2ppm (0.2 part per million calculated according to the Arsenious Oxide (AS2O3) content)
 Mercuric compound shall not be found
 Phosphides shall be a maximum of 0.05ppm (0.05 parts per million calculated according to the PH3 content)
 Cyanides shall be a maximum of 5ppm (5 parts per million calculated according to the HCN content)
 Malathion shall be a maximum of 0.1ppm (0.1 parts per million)   
 Pirimiphos-Methyl shall be a maximum of 5 ppm (5 parts per million)
"
R61,"Grains_En
",2124666,Trade Agreement,General Document Instructions,"When opening the L/C, the Buyer must not instruct the L/C opening bank to require any additional documents to those listed above (or any amendments to or additional clauses, statements or conditions on those documents) from the L/C negotiating bank before payment is made. 
 
Any amendment in documentary instruction coming after all set of documents are ready for collection, and/or amendments which will create a delay against original expected collection date will be done, if possible, but buyer to compensate seller for the additional financing costs created by the late collection. In case of discrepant documents due to seller’s fault, buyer has the option to pay for according to the corrected documents or to the discrepant documents, and seller has to compensate buyer for any loss by the late delivery of goods.  
"
R70,"Grains_En
",2121595,Trade Agreement,Assignment Clause,"Neither party shall assign, transfer or delegate any of its rights and/or obligations under this contract without the prior written consent of the other party (such consent not to be unreasonably withheld or delayed) except that such assignment or transfer does not require consent if it is to or for the benefit of one or more of its financing banks and/or its insurers."
R71,"Grains_En
",2121595,Trade Agreement,Arbitration,"Any and all disputes arising out of or in connection with this contract including any question regarding its existence, validity or termination or any amendments/settlements related to this contract shall be referred to and finally resolved by arbitration in accordance with the Rules for Arbitration of NOFOTA, in the edition current at the date of this contract, such Rules forming part of this contract and of which both parties hereto shall be deemed to be cognizant.

The juridical seat of arbitration shall be Rotterdam, the Netherlands. 
"
R72,"Grains_En
",2121595,Trade Agreement,Governing Law,This contract shall be governed by and construed in accordance with Dutch law.
R73,"Grains_En
",2104299,Trade Agreement,Quality,"As per C.S.P. 8.1.3. 
Admixture max. 2,0%
"
R79,"Grains_En
",2126217,Trade Agreement,Pricing,"One (1) metric ton equals to 36.7454 bushels.

In order to fix Chicago Board of Trade (CBOT) XXX Soybeans futures to establish a CFRFO flat price per metric ton, Buyer to transfer (give-up) futures contracts to Seller via brokers.

In the event Seller allows direct pricing through Seller during the CBOT sessions, Seller shall not be responsible for execution between time order is placed and time order is received in the pit. 

Buyer to advise the Seller, in writing 15 minutes prior to opening, the required price and respective quantity, and the order will be considered automatically executed if the respective month trades at least ½ cent per bushel under the given order. 

This, however, not to include the opening and closing ranges where, as per the rules of the CBOT, brokers are not responsible for execution.

This execution will also not be guaranteed when “fast market” condition is designated by the PIT supervisor. If CBOT futures do not trade during the session at ½ cent per bushel under the limit stipulated by Buyer, no pricing has taken place, unless Seller advises Buyer after the close that part or total of the pricing order given has been priced. 

Any exchange of futures must be at a price that is traded during the session on the day futures are exchanged. 

Buyer has the right to give or change pricing instructions during the session, provided Seller has not already executed the original instructions by the time the new order reaches the broker on the floor at the CBOT. 

For orders given or changed during the session of the CBOT, the Seller is not to be responsible for execution. 

When placing futures contract buy orders through the Seller, minimum order size to be 20 (twenty) contracts of 5,000 bushels each except the last one (only when direct pricing is allowed by Seller).

In case of pricing through Seller, Buyer may place order with one of the following people: 

Quentin Chone   John Schlaefer   Ariel Haendler
Quentin.Chone@Viterra.com John.Schlaefer@Viterra.com Ariel.Haendler@Viterra.com 
+31 621308066  +31 646634783  +31 611834216


"
R88,"Grains_En
",2126217,Trade Agreement,License/Taxes/Quotas/Permits,"Buyer will be responsible for securing the Labeling Certificates, Local/Provincial CIQ Certificates and Safety Certificates of Agricultural GMO. Any and all necessary import permits, licenses, quotas, taxes or levies, present and future, are for the account and risk of the Buyer. Any failure on behalf of the Buyer to obtain same shall not constitute force majeure. 

  Seller shall be responsible to provide the shippers' details according to list of Brazilian Grain Exporting Companies issued by CIQ three (3) working days after completion of loading
"
R93,"Grains_En
",2126217,Trade Agreement,General Compliance Clause,"The parties warrant, represent and undertake to each other, that they will comply with all applicable laws, rules and regulations including without limitation sanctions, anti-corruption, anti-money laundering and tax laws in performing this Contract. "
R94,"Grains_En
",,Trade Agreement,Anti-corruption clause,"Each party respectively agrees and undertakes to the other that, in connection with this Contract, it is aware, understands and will fully comply with all applicable anti-corruption laws, regulations, and/or other requirements, including but not limited to the U.S. Foreign Corrupt Practices Act, the UK Anti-Bribery Act 2010, those of the E.U. (or its respective Member States) and the OECD Anti-Bribery Convention (“Applicable Legislation”). 
In particular, each party respectively represents, warrants and undertakes to the other that it shall not, directly or indirectly, undertake any activity or behavior listed in a)-c) below if this is in violation of or inconsistent with the Applicable Legislation on combating bribery in business transactions:

a. offer, promise, give, authorize, request, agree to receive or accept the payment of any financial advantage or any other things of value to the following persons, with the reasonable knowledge that it will be used for the purpose of obtaining any improper benefit or to improperly influence any act or decision by such persons or party for the purpose of obtaining, retaining, or directing business:
i. a public official, being (1) an officer, employee or representative of any national or local government institution, state-owned or controlled enterprise, or supranational organisation; (2) a legislative, administrative or judicial official; (3) an officer or representative of a political party or a political candidate; or (4) a person who otherwise exercises a public function for or on behalf of any country.
ii. any other person, individual or entity in relation to business transactions, being also referred to as commercial bribery;
iii. any other person, individual or entity at the suggestion, request or direction or for the benefit of any of the above-described persons and entities; or

b. pay a facilitation payment, being a payment or offer made to officials with the intention of  enabling or speeding up the process of a service that the payer is entitled to.

c. engage in other acts or transactions in violation of or inconsistent with the Applicable Legislation.

If either party is in breach of this clause, the other party may (without incurring any liability of any nature to the party in breach whatsoever) terminate or suspend all or any part of the Contract with immediate effect by giving notice to the party in breach or take any other action it deems necessary in order for it to comply with Applicable Legislation. The party in breach shall be liable for any and all costs, liabilities and expenses whatsoever incurred by it due to exercising its rights under this clause.
"
R95,"Grains_En
",2126217,Trade Agreement,Other conditions,"All other terms and conditions not conflicting with this contract shall be as per [insert relevant GAFTA or FOSFA or ANEC or other contract form depending on origin of goods], of which both parties acknowledge that they have knowledge and notice"
R99,"Grains_En
",,Trade Agreement,Risk and Title,"Risk of loss, contamination, deterioration or damage to the goods shall pass to Buyer from the time the goods have passed the rail of the carrying vessel(s) at the port of shipment.
Title to the goods shall pass to Buyer upon receipt of payment in full by Seller from Buyer without deduction, set off, withholding or counterclaim whatsoever.
"
R100,"Grains_En
",,Trade Agreement,Risk and Title,"Risk of loss, contamination, deterioration or damage to the Goods shall pass to Buyer upon safe delivery of the Goods in accordance with the terms and conditions of this contract.
Title to the Goods shall pass to Buyer upon receipt of payment in full by Seller from Buyer without deduction, set off, withholding or counterclaim whatsoever.
"
R109,"Grains_En
",2205679,Trade Agreement,Governing Law,This contract shall be governed by and construed in accordance with German law. 
R110,"Grains_En
",2208283,Trade Agreement,Commodity,FAQ Barley
R111,"Grains_En
",,Trade Agreement,Commodity,Malting  Barley
R112,"Grains_En
",,Trade Agreement,Commodity,Feed Barley
R113,"Grains_En
",,Trade Agreement,Commodity,Barley
R114,"Grains_En
",,Trade Agreement,Quality,"Moisture: XX  pct maximum
Foreign Material: XX pct maximum
Test Weight: XX kg/hl minimum
Vomitoxin: XX ppm maximum
Aflatoxin: XX ppb maximum"
R115,"Grains_En
",,Trade Agreement,Quality,"Moisture: max XX %
Admixture:  max XX %, including max.  XX % inorganic
Test weight:  min XX kg/hl
"
R143,"Grains_En
",2207730,Trade Agreement,Commodity,Lentils
R144,"Grains_En
",2207730,Trade Agreement,Commodity,Beans
R145,"Grains_En
",2207730,Trade Agreement,Commodity,Linseeds
R146,"Grains_En
",2207730,Trade Agreement,Commodity,Peas
R147,"Grains_En
",2207730,Trade Agreement,Quality,"No.2 or Better
Grade as per CGC standards:
Dockage: Basis 1%, Max 3%. Dockage Deductible from 1-3%. Machine Cleaned. 
Deduction 1: 1 Basis "
R148,"Grains_En
",2209225,Trade Agreement,Quality,"No. 2 Canada or better, said to be Crimson variety.
Dockage basis 1%, max 3% with dockage deductible from 1% to 3% at 1:1. 
Quality of a higher grade to be accepted.

Goods to be free from alive weevils/ insects and free from foreign smell. Sound, Loyal, and Merchantable. "
R149,"Grains_En
",2211973,Trade Agreement,Quality,"No. 2 Canada or better except splits
Splits basis 10.0% non deductible, maximum 12%; any splits in excess of 10.0% up to 12.0% to be deducted from the contract price at USD 1.00 per MT for every 1.0% in excess of 10.0% up to 12.0% fractions in proportion.
Foreign matters:  Max. 0.5%
"
R158,"Grains_En
",2104299,Trade Agreement,Commodity,Sweet White Lupins
R159,"Grains_En
",2212534,Trade Agreement,Commodity,"European Triticale, S.L.M."
R160,"Grains_En
",2210120,Trade Agreement,Commodity,Canadian Durum Wheat No. 3 
R169,"Grains_En
",2204594,Trade Agreement,Quality,"                                        Basis  Min.  Max. 
Moisture (%)             9.00               10.00
Oil content (%)       42.00  40.00
Admixture                2.00                  4.00
FFA                              2.00
Erucic Acid                                          2.00
Max 25 micromoles/gr Glucosinolates (“00”” quality)

Oil content allowance 1.5 :1 from Sellers to Buyers fraction on proportion over 43% no bonifications.

Admixture  with penalty 1,5:1 non reciprocal to be paid from Sellers to Buyers between 2% and 4% fraction in proportion.

Goods delivered have the GMP+ status as specified in the GMP+ FSA module.

Goods to be free from castorseed, castorseed-husks, foreign poisonous seeds.
   Seed is warranted free from alive insects.
   
   NON GMO as per EU regulations.
   Pesticides / recidues / heavy metals according EU terms and regulations.

Quality final at loading as per certificate(s) issued by a first class superintendent nominated and paid by Sellers."
R171,"Grains_En
",2120503,Trade Agreement,Quality,"F.F.A.: Max 2%
• Oil : basis 40% on tale quale, 
reciprocal allowance 1,5:1 for each 1% over or under the basis.
• Moisture: max 9% 
Allowance under 9% from Buyers to Sellers 0,5:1 for each 1%
If moisture below 9%.
• Admixture: basis 2% max 4% 
Allowance 1:1 between 2% and 4% from Seller, under 2% allowance 0,5:1 from Buyer.
• Erucic acid: Max.2%.
• Glucosinolate :25 micromoles/gr maximum.
All allowances, fractions in proportion.

Crop free as per the EEC regulations concerning pesticides and residues.

Good merchantable quality/GMO.
The seed is warranted free from live insects.

Quality final at loading as per certificate(s) issued by a first class superintendent nominated and paid by Sellers.
"
R189,"Grains_En
",2211992,Trade Agreement,Other conditions,"All other terms and conditions not conflicting with this contract shall be as per SAGOS 1 version 9, of which both parties acknowledge that they have knowledge and notice.
"
R190,"Grains_En
",2211992,Trade Agreement,Arbitration,"Any and all disputes arising out of or in connection with this contract including any question regarding its existence, validity or termination or any amendments/settlements related to this contract shall be referred to and finally resolved by arbitration in accordance with the Expedited Rules of the Arbitration Foundation of Southern Africa (AFSA), in the edition current at the date of this contract, such Rules forming part of this contract and of which both parties hereto shall be deemed to be cognizant. The juridical seat of arbitration shall be South Africa.
"
R192,"Grains_En
",2211992,Trade Agreement,Governing Law,This contract shall be governed by and construed in accordance with the laws of South Africa.
R193,"Grains_En
",2211992,Trade Agreement,Quality,"
Quality:   
Protein             Min 12,5% (on dry matter basis)
Test Weight       Min 77 kg/hl
Falling Number  Min 250 secs
Moisture            Max 14,0%
Wet Gluten        Min 25
W Value             Min 180 10^-4 Joules
Bug Damage     Max 1%
Foreign Matter   Max 2%
Screenings           Max 4%  (1.8mm sieve)

Commodity must be sound, fair and merchantable quality, free from toxic substances, abnormal odors and live insects, fit for human consumption.  Commodity supplied must comply with SA Phytosanitary and SA Health Department regulations on pesticides, mycotoxin residues and noxious seeds.
"
R194,"Grains_En
",2209565,Trade Agreement,Quality,"
Protein    : Min 13.5 pro (13.5% MB)
Vomitoxin   : Max 2 PPM
Falling Number  : Min 275 sec.
Moisture   : Max 14.5 % 

All others specification of CWRS under this contract is as per Canadian Grain Commission.
SGS govern weight / grades/specs.
"
R196,"Grains_En
",2213960,Trade Agreement,Quality,"Protein                                     Min 12.5 % (on dry matter basis)
Moisture                                   Max 14%
Test Weight                              Min 77 kg / hl
Falling Number             Min 250 Sec
Wet Gluten                               Min 25%
Foreign matter              Max 2%
W Value                                    Min 180 10^-4 Joules
Screenings                                Max 4% (1.8mm sieve)
Bug Damage                             Max 1%

Falling number on min 250 secs with tolerance to 220 secs. All loads below 220 secs will be rejected by receiving mill and must be fully refunded by seller.
(If agreement cannot be reached for alternate price) 

Commodity must be sound, fair and merchantable quality, free from toxic substances, abnormal odors and live insects, fit for human consumption.  Commodity supplied must comply with SA Phytosanitary and SA Health Department regulations on pesticides, mycotoxin residues and noxious seeds.
"
R197,"Grains_En
",2202943,Trade Agreement,Quality,"Protein                               Min 12,0% (on 11% Moisture)
Test Weight                        Min 76 kg/hl
Falling Number                    Min 270 secs
Moisture                  Max 12,5%
Wet Gluten                         Min 25
W Value                             Min 180
Aflatoxin                             Max 10 ppb
Vomitoxin                           Max 2 pp/m
Fusarium    Max 1%
Bug Damage    Max 1%
Ergot     Max 0.05%
Admixture    Max 5%
Foreign Matter   Max 2%
Damage Kernels   Max 2%
Screenings    Max 4% (1.8mm sieve) 


Commodity must be sound, fair and merchantable quality, free from toxic substances, abnormal odours and live insects, fit for human consumption.  Commodity supplied must comply with SA Phytosanitary and SA Health Department regulations on pesticides, mycotoxin residues and noxious seeds.
"
R198,"Grains_En
",2202943,Trade Agreement,Quality and Conditions,"Good to be free from alive weevils/insects and free from foreign smell. Sound and loyal and merchantable. Final at place and time of loading of vessel as per an 3rd party independent surveyor and/or official entity certificate at seller’s option and for seller’s account. This certificate will be final and binding for both parties.

"
R199,"Grains_En
",2207725,Trade Agreement,Quality,"Protein   : Min 12.5% (on dry matter basis)
Moisture  : Max 13%
Test Weight  : Min 77 kg / hl
Falling Number : Min 300 Sec
Wet Gluten  : Min 25%
Foreign matter : Max 2%
W Value  : Min 180
Screenings  : Max 5% (1.65mm sieve)
Bug Damage  : Max 1,5%

Crop to be free from alive insects and foreign smell.
Quality and condition final at loading as per sellers GAFTA first class surveyor.
"
R201,"Grains_En
",2208097,Trade Agreement,Quality,"Protein                  Min 12,5 % (on dry matter basis)
Test Weight         Min 77 kg/hl
Falling number   Min 250 Sec
W Value                        Min 180 10^-4 Joules
Moisture              Max 14,0%
Foreign matter   Max. 2%
Wet gluten   Min 23%
Screenings   Max 4% (1.8mm sieve)
Bug Damage    Max 1%

Commodity must be sound, fair and merchantable quality, free from toxic substances, abnormal odors and live insects, fit for human consumption.  Commodity supplied must comply with SA Phytosanitary and SA Health Department regulations on pesticides, mycotoxin residues and noxious seeds.

"
R204,"Grains_En
",2209565,Trade Agreement,Commodity,Canada Western Red Spring (CWRS) Wheat no. 2
R229,"Grains_En
",2211749,Trade Agreement,Other conditions,As per conditions of the supplying oil mill.
R269,"Grains_En
",2202353,Trade Agreement,Pricing,"Date:   Quantity:  Flat Price:
01 February 2022 1.000 metric ton $ 1.467,50
"
R273,"Grains_En
",2204793,Trade Agreement,Commodity,Feed Oats
R274,"Grains_En
",2204793,Trade Agreement,Quality,TW:         Max. 50Kg
R276,"Grains_En
",2207535,Trade Agreement,Quality,"Test Weight:      71.0 kg/hl minimum
Moisture:  14.5 pct maximum
Zearalenone:  500    ppb maximum
Vomitoxin:  1.0    ppm maximum
Aflatoxin:  20    ppb maximum
Tannin:  1.5    pct maximum
Broken Kernels/Damaged kernel/Foreign Matter: max 6% (of which 1.5% Foreign matter max)

The sorghum supplied by the Seller shall be in sound condition, without any unpleasant odour, free from any signs of mould, fermentation or deterioration as well as substantially free from live insect pests at time and place of shipment as per laboratory certificate issued by a GAFTA approved surveyor.

The sorghum supplied by the Seller should be substantially free from the following objects of quarantine in accordance with the regulations of the Ministry of Agriculture and Rural Affairs of the People’s Republic of China as per certificate issued by a GAFTA approved surveyor.

1.Peronosclerospora sorghi
2.Claviceps africana
3.Gloeocercospora sorghi
4.Contarinia sorghicola
5.Delphacodes kuscheli
6.Sitophilus granarius
7.Acanthospermum hispidum
8.Ambrosia artemisiifolia
9.Anoda cristata
10.Avena barbata
11.Brachiaria platyphylla
12.Cenchrus echinatus
13.Cenchrus myosuroides
14.Cenchrus pauciflorus
15.Centaruea repens
16.Chenopodium murale
17.Cirsium vulgare
18.Lactuca serriola
19.Ipomoea purpurea
20.Richardia brasiliensis
21.Solanum elaeagnifolium
22.Sorghum almum
23.Sorghum halepense
24.Wedelia glauca
25.Xanthium cavanillesii






The chemical residues of the sorghum supplied by the Seller should not exceed the regulations stipulated by National Health Commission of the People's Republic of China at time and place of shipment as per certificate issued by GAFTA approved surveyor. 
- Arsenic compound shall be a maximum of 1 PPM (1 part per million calculated according to AS2O3 content). 
- Mercuric compound shall not be found. 
- Phosphides shall be a maximum of 0.05 PPM (0.05 part per million calculated according to the PH3 content). 
- Cyanides shall be a maximum of 5 PPM (5 parts per million calculated according to the HCN content). 
- Malathion shall be a maximum of 3 PPM (3 parts per million) 
- Ethylene Dibromide (EDB) content shall not exceed 10 PPB (10 parts per billion) 
- Lead be maximum of 0.2 ppm (0.2 parts per million) 


Other Quality Parameters: Sellers do not guarantee any other specifications not set out in contract. Arrival quality and conditions, phytosanitary and chemical residues compliance with relevant local authorities, and GMO grain found in foreign material shall be for the buyer’s risk and expense.

Quality, condition and weight shall be ascertained at loading as per certificate(s) issued by first class independent surveyor at Seller’s option and for Seller’s account. Certificate issued to be final and binding on the parties except in case of fraud, manifest error or replacement/corrective certificate. 
All sampling and analysis to be strictly in accordance with GAFTA methods and rules. 
"
R392,"Grains_En
",,Trade Agreement,Payment,"Net cash by telegraphic transfer, at Buyer’s expense, to Seller’s bank for 100% of the invoice value within [insert number of days] days from presentation of the original payment documents set out below to [insert Bank name] on a collection basis.  Time of payment under this clause shall be of the essence. "
R393,"Grains_En
",2124086,Trade Agreement,Payment,"All banking charges at Buyers bank to be for Buyers account.
All banking charges at Sellers bank to be for Sellers account.
Any detention / demurrage costs that arise from late payment, will be for Buyers account.
Buyer should send to Seller fully workable documentary instructions not later than 3 working days prior the first day of shipment period. If buyer fails to this obligation, Seller shall have the option to terminate the contract or to extend the shipment period without paying any late shipment penalties. Any extension shall correspond to the number of days that workable documentary instructions were received late.
"
R394,"Grains_En
",2124086,Trade Agreement,Payment,"In case of late payment(s) of documents or money otherwise due, an interest at 2,50% over the New York prime rate in force, computed from the first business day following the day when payment(s) was due, up to the day payment(s) is received (both dates inclusive) shall be paid by Buyers to Sellers."
R395,"Grains_En
",2124086,Trade Agreement,Payment,"Buyer should send to Seller fully workable documentary instructions not later than 3 working days prior the first day of shipment period. If buyer fails to this obligation, Seller shall have the option to terminate the contract or to extend the shipment period without paying any late shipment penalties. Any extension shall correspond to the number of days that workable documentary instructions were received late."
R396,"Grains_En
",2200642,Trade Agreement,Payment,As per intercompany Agreement.
R398,"Grains_En
",2124388,Trade Agreement,Payment,"72 hrs after presentation of copy documents
or option for credit 100% net cash 60 days after BL date – subject to availability – Rates
to be reconfirmed on day of loading.
or option before breaking bulk at 8% % over the New York prime rate in force, computed
from the first business day following the day when payment(s) was due, up to the day
payment(s) is received (both dates inclusive) shall be paid by Buyers to Sellers.
All banking charges at Buyers bank to be for Buyers' account.
All banking charges at Sellers bank to be for Sellers' account.
Time of payment shall be of the essence."
R399,"Grains_En
",2124666,Trade Agreement,Payment,"The Buyer shall establish a fully operable and irrevocable Sight Letter of Credit for 100% of full contract value. 
TT reimbursement not allowed"
R400,"Grains_En
",2121595,Trade Agreement,Payment,As per current Payment Rules of NOFOTA.
R402,"Grains_En
",,Trade Agreement,Payment,"The Buyer shall establish a fully operable and irrevocable Sight Letter of Credit for 100% of full contract value. 
TT reimbursement not allowed

L/C is to be opened and fully workable no later than April 15th, 2022. The L/C must be opened and freely negotiable through one of top 5 Chinese banks.

LC opening bank to be one of top 5 Chinese banks, ICBC/ Bank of China/ Construction Bank of China/ Agricultural Bank of China/ Bank of Communication. Transferable L/C is not allowed. Letter of Credit to be subject to UCP 600.

L/C to be freely negotiable by any bank in Australia, Canada, EU, Switzerland or the UK.

If the L/C is not fully operational for Sellers and in Sellers’ possession by the agreed due date, then the Buyers shall be fully responsible for all costs and consequences that may result there from. Sellers have the option to either extend the shipment period by one day for each day of delay in opening L/C without paying any late shipment penalty or to terminate the contract and claim damages.

LC to allow for documents to refer to a total larger quantity.

The Letter of Credit is to be subject to the Uniform Customs and Practice (2007) revision of the International Chamber of Commerce - publication number 600.

All banking charges in China for Buyer’s account. All banking charges outside China for Seller’s account. The expenses of L/C modification shall be borne by the party incurring the modification.

Documents to be required: 
Documents to be presented to L/C negotiating bank within 21 days after bill of lading date. The opening bank shall make payment as per the negotiating bank’s instructions upon receipt of the following shipping documents presented by the Seller in conformity with the L/C. 

1. Signed commercial invoice in 3 original and 3 copies.
2. Full set of 3 originals and 3 copies of clean on board Bills of Lading, made out to order, blank endorsed and marked “Freight Prepaid”
3. Weight certificate issued by GAFTA approved surveyor at seller’s option in 1 original and 3 copies.
4. Quality certificate issued by GAFTA approved surveyor at seller’s option in 1 original and 3 copies, certifying the actual content of contract specification.
5. Certificate of Origin issued or attested by Chamber of Commerce in 1 original and 3 copies.
6. Phytosanitary certificate by government or competent authority in 1 original and 3 copies.
7. Fumigation certificate issued by independent fumigation company or GAFTA approved surveyor at Seller’s option in 1 original and 3 copies.
8. Disease pest and weed certificate or laboratory certificate issued by a GAFTA approved surveyor at Seller’s option in 1 original and 3 copies.
9. Statement of Assurance or Chemical Residues Certificate issued by a GAFTA approved surveyor at Seller’s option in 1 original and 3 copies.
10. Non-GMO certificate issued by GAFTA approved surveyor at Seller’s option in 1 original and 3 copies.
11. Official Stowage Examination Certificate issued by GAFTA approved surveyor at Seller’s option in 1 original and3 copies.
12. Crop Year certificate issued by GAFTA approved surveyor at Seller’s option in 1 original and 3 copies 
13. Certificate of Non-Wood Packing Material issued by GAFTA approved surveyor at Seller’s option in 1original and 3 copies.
"
R408,"Grains_En
",2208520,Trade Agreement,Payment,"T/T payment remit to seller account by Jul 15, 2022 - USD65/MT *60000MT. (original contract payment term unchanged).

The Buyer shall establish a fully operable and irrevocable Sight Letter of Credit for 100% of full contract value. 
TT reimbursement not allowed

L/C is to be opened and fully workable by June 1st, 2022. The L/C must be opened and freely negotiable through one of top 5 Chinese banks.

LC opening bank to be one of top 5 Chinese banks, ICBC/ Bank of China/ Construction Bank of China/ Agricultural Bank of China/ Bank of Communication. Transferable L/C is not allowed. Letter of Credit to be subject to UCP 600.

L/C to be freely negotiable by any bank in Australia, Canada, EU, Switzerland or the UK.

If the L/C is not fully operational for Sellers and in Sellers’ possession by the agreed due date, then the Buyers shall be fully responsible for all costs and consequences that may result there from. Sellers have the option to either extend the shipment period by one day for each day of delay in opening L/C without paying any late shipment penalty or to terminate the contract and claim damages.

If Canadian origin L/C to allow for Statements of Assurance to have reference on testing to crop year other than crop year referred to in this Contract.

LC to allow for documents to refer to a total larger quantity.

The Letter of Credit is to be subject to the Uniform Customs and Practice (2007) revision of the International Chamber of Commerce - publication number 600.

All banking charges in China for Buyer’s account. All banking charges outside China for Seller’s account. The expenses of L/C modification shall be borne by the party incurring the modification.


"
R417,"Grains_En
",2209225,Trade Agreement,Payment,"Min 5.000mt will be paid within 45 days after discharge and balance within maximum 90 days after discharge.
   
Interest of 8% per annum to be charged for ex-warehouse portion on prorate basis.   
"
R428,"Grains_En
","2211992
2202943",Trade Agreement,Payment,"
Ten (10) working days after invoicing , stock confirmation and Port Health Release.
"
R430,"Grains_En
",2207725,Trade Agreement,Payment,"Payment by Telegraphic transfer of funds against copy documents within four (4) working days. 
All bank charges inside TANZANIA for Buyer’s account. 
All bank charges outside TANZANIA are for Seller’s account. 
"
R432,"Grains_En
",2208097,Trade Agreement,Payment,"48 hours after invoice & stock confirmation.

All banking charges at Buyers bank to be for Buyers’ account.
All banking charges at Sellers bank to be for Sellers’ account.

Payment to be effected by telegraphic transfer without costs to Sellers.



"
R456,"Grains_En
",2204793,Trade Agreement,Payment,"Net cash by telegraphic transfer, at Buyer’s expense, to Seller’s bank for 100% of the invoice value within [insert number of days] days. Time of payment under this clause shall be of the essence.
"
R464,"Grains_En
",2202817,Trade Agreement,Payment,"Net cash by telegraphic transfer, at Buyer’s expense, to Seller’s bank for 100% of the invoice value within [insert number of days] days from presentation of the original payment documents set out below to [insert Bank name] on a collection basis.  Time of payment shall be of the essence. 
Any cost and consequence for delay of payment including loss of interest and/or demurrage/detention to be for Buyers’ account.
All payments under this contract (not limited to the payment of the goods) are to be done in EURO.
"
R469,"Grains_En
",2121595,Trade Agreement,Payment,As per current Payment Rules of NOFOTA
R472,"Grains_En
",2208520,Trade Agreement,Payment,"T/T payment remit to seller account by Jul 15, 2022 - USD65/MT *60000MT. (original contract payment term unchanged).

The Buyer shall establish a fully operable and irrevocable Sight Letter of Credit for 100% of full contract value. 
TT reimbursement not allowed

L/C is to be opened and fully workable by June 1st, 2022. The L/C must be opened and freely negotiable through one of top 5 Chinese banks.

LC opening bank to be one of top 5 Chinese banks, ICBC/ Bank of China/ Construction Bank of China/ Agricultural Bank of China/ Bank of Communication. Transferable L/C is not allowed. Letter of Credit to be subject to UCP 600.

L/C to be freely negotiable by any bank in Australia, Canada, EU, Switzerland or the UK.

If the L/C is not fully operational for Sellers and in Sellers’ possession by the agreed due date, then the Buyers shall be fully responsible for all costs and consequences that may result there from. Sellers have the option to either extend the shipment period by one day for each day of delay in opening L/C without paying any late shipment penalty or to terminate the contract and claim damages.

If Canadian origin L/C to allow for Statements of Assurance to have reference on testing to crop year other than crop year referred to in this Contract.

LC to allow for documents to refer to a total larger quantity.

The Letter of Credit is to be subject to the Uniform Customs and Practice (2007) revision of the International Chamber of Commerce - publication number 600.

All banking charges in China for Buyer’s account. All banking charges outside China for Seller’s account. The expenses of L/C modification shall be borne by the party incurring the modification.

"
R484,"Grains_En
",2208097,Trade Agreement,Payment,"48 hours after invoice & stock confirmation.

All banking charges at Buyers bank to be for Buyers’ account.
All banking charges at Sellers bank to be for Sellers’ account.

Payment to be effected by telegraphic transfer without costs to Sellers.

"
R493,"Grains_En
",2022263/2101788,Trade Agreement,Arbitration,"Any dispute arising from or in connection with this Contract shall be submitted to China International Economic and Trade Arbitration Commission (CIETAC) for arbitration which shall be conducted in Beijing in accordance with the CIETAC's arbitration rules in effect at the time of applying for arbitration. The arbitral award is final and binding upon both parties. The fee for arbitration shall be borne by the losing party.

This contract shall be governed by and construed in accordance with the laws of the People's Republic of China.
"
R494,"Grains_En
",2022106/ 2022323,Trade Agreement,Arbitration,"Any and all disputes arising out of or in connection with this contract including any question regarding its existence, validity or termination or any amendments/settlements related to this contract shall be referred to and finally resolved by arbitration in accordance with the Arbitration Rules of the Dutch Trade in Grain and Feed Materials, in the edition current at the date of this contract, such Rules forming part of this contract and of which both parties hereto shall be deemed to be cognizant.

The juridical seat of arbitration shall be the Netherlands.

"
R495,"Grains_En
",2023106,Trade Agreement,Arbitration,"Any and all disputes arising out of or in connection with this contract including any question regarding its existence, validity or termination or any amendments/settlements related to this contract shall be referred to and finally resolved by arbitration in accordance with the “Conditions for Arbitration of Dispute subject to German-Dutch Contracts and other c.i.f and c. & f. Contracts” of the Royal Dutch Grain and Feed Trade Association, in the edition current at the date of this contract, such Conditions forming part of this contract and of which both parties hereto shall be deemed to be cognizant.

The juridical seat of arbitration shall be the Netherlands. "
R496,"Grains_En
",2101562,Trade Agreement,Arbitration,"Any and all disputes arising out of or in connection with this contract including any question regarding its existence, validity or termination or any amendments/settlements related to this contract shall be referred to and finally resolved by arbitration in accordance with the arbitration clause of NAEGA No.2, in the edition current at the date of this contract and of which both parties hereto shall be deemed to be cognizant. The juridical seat of arbitration shall be the state of New York. 
"
R497,"Grains_En
",2102731,Trade Agreement,Arbitration,"Any dispute arising out of this contract, including any question of law arising in connection therewith shall be referred to arbitration in accordance with the GTA Dispute Resolution Rules in force at the commencement of the arbitration and of which both parties hereto shall be deemed to be cognizant except that this contract prevails to the extent of any inconsistency but no further. Neither party hereto, nor any persons claiming under either of them, shall bring any action or other legal proceedings against the other of them in  respect of any such dispute until such dispute shall first have been heard and determined by the arbitration in accordance with the Dispute Resolution Rules of GTA, and it is hereby expressly agreed and declared that the obtaining of an Award from the arbitrators shall a condition precedent to the right of either party hereto or of any person claiming under either of them to bring any action or other legal proceedings against the other of them in respect of any such dispute."
R498,"Grains_En
",2100191,Trade Agreement,Arbitration,"Any and all disputes arising out of or in connection with this contract including any question regarding its existence, validity or termination or any amendments/settlements related to this contract shall be referred to and finally resolved by arbitration in accordance with the “Schiedsgerichtsordnung für das Schiedsgericht des Vereins der Getreidehändler der Hamburger Börse e.V”, in the edition current  at the date of this contract, such Rules forming part of this contract and of which both parties hereto shall be deemed to be cognizant.

The juridical seat of arbitration shall be Germany.
 
"
R499,"Grains_En
",VESA 2205432,Trade Agreement,Arbitration,"All disputes, controversies or differences which many arise between the parties, out of or in relation to or in connection with this order, or for the breach thereof shall be exclusively and finally settled by arbitration in Seoul, Korea, in accordance with the international Arbitration Rules of the Korean Commercial Arbitration Board. The language of arbitration shall be Korean. The venue, seat, or legal place, of arbitral proceedings shall be Seoul, Republic of Korea. The number of arbitrators shall be one (1). The award rendered by the arbitrator shall be final and binding upon both parties concerned and may be enforced in any court of competent jurisdiction. The parties shall be responsible for its own legal fees and expenses in connection with any legal action in relation to the order."
R500,"Grains_En
",,Trade Agreement,Arbitration,"Any and all disputes arising out of or in connection with this contract shall be referred to and finally resolved by arbitration in accordance with the Rules of Arbitration of NOFOTA , in the edition current at the date of this contract, such Rules forming part of this contract and of which both parties hereto shall be deemed to be cognizant.
Arbitration to take place in Rotterdam.
"
R501,"Grains_En
",2123384,Trade Agreement,Arbitration,"
Any and all disputes arising out of or in connection with this contract including any question regarding its existence, validity or termination or any amendments/settlements related to this contract shall be referred to and finally resolved by arbitration in accordance with the arbitration article of VERNOF-Voorwaarden, in the edition current at the date of this contract and of which both parties hereto shall be deemed to be cognizant. 

The juridical seat of arbitration shall be Rotterdam, the Netherlands.
"
R502,"Grains_En
",,Trade Agreement,ISPS Code,"The Buyer shall nominate a port facility which is fully compliant with the International Code for the Security of Ships and of Port Facilities and the relevant amendments to Chapter XI of SOLAS and all amendments from time to time in force (ISPS Code) and where the discharge port is within the USA and US territories or waters, with the US Maritime Transportation Security Act 2002 (MTSA) (the ""Security Requirements""). The Seller shall nominate a Vessel that complies fully with all the Security Requirements. Upon request, the Seller shall, inter alia, provide the relevant International Ship Security Certificate (ISSC) or the Interim International Ship Security Certificate. Any risks and any loss, damages, expense or delay, caused by failure on the part of the Buyer to nominate a port facility fully compliant with the Security Requirements or solely arising out of or related to security regulations or measures required by the port facility or any relevant authority in accordance with the Security Requirements, shall be for the Buyer’s account, unless such loss, damages, expense or delay result from Seller’s or its vessel’s negligence or active fault. Any risks and any loss, damages, expense or delay, including, but not limited to, demurrage, carrying charges, levies or taxes, caused by failure on the part of the Seller to nominate a Vessel fully compliant with the Security Requirements shall be for the Seller’s account. If either party makes any payment which is for the other party’s account according to this Clause, the other party shall indemnify the paying party.

Should the nominated port facility or the nominated vessel cease to comply with the Security Requirements, the party that was responsible for such nomination shall immediately take appropriate measures to rectify their failure, including but not limited to arranging a substitute, notwithstanding any prior acceptance of the other party, and the resulting loss, damages, expense or delay shall be for the account of that party."
R503,"Grains_En
",,Trade Agreement,ISPS Code,"The Seller shall nominate a port facility which is fully compliant with the International Code for the Security of Ships and of Port Facilities and the relevant amendments to Chapter XI of SOLAS and all amendments from time to time in force (ISPS Code) and where the loading port is within the USA and US territories or waters, with the US Maritime Transportation Security Act 2002 (MTSA) (the ""Security Requirements""). The Buyer shall nominate a Vessel that complies fully with all the Security Requirements. Upon request, the Buyer shall, inter alia, provide the relevant International Ship Security Certificate (ISSC) or the Interim International Ship Security Certificate. Any risks and any loss, damages, expense or delay, caused by failure on the part of the Seller to nominate a port facility fully compliant with the Security Requirements or solely arising out of or related to security regulations or measures required by the port facility or any relevant authority in accordance with the Security Requirements, shall be for the Seller’s account, unless such loss, damages, expense or delay result from Buyer’s or its vessel’s negligence or active fault. Any risks and any loss, damages, expense or delay, including, but not limited to, demurrage, carrying charges, levies or taxes, caused by failure on the part of the Buyer to nominate a Vessel fully compliant with the Security Requirements shall be for the Buyer’s account. If either party makes any payment which is for the other party’s account according to this Clause, the other party shall indemnify the paying party.

Should the nominated port facility or the nominated vessel cease to comply with the Security Requirements, the party that was responsible for such nomination shall immediately take appropriate measures to rectify their failure, including but not limited to arranging a substitute, notwithstanding any prior acceptance of the other party, and the resulting loss, damages, expense or delay shall be for the account of that party.
"
R504,"Grains_En
",2211325,Trade Agreement,Quality,"Moisture:     Max (****) %
Yields:      Min 56/68 (clean matter)
Red kernels:      Max 1,5%
Stain & Peck Damage   :                 Max 1,5%
Foreign Matter :                             Max 2%
White Chalky streaks                      Max 6%, 
Red kernels                                    Max 1.5%
Yellow Grains                                 Max 1%
Chalky                                          Max 2%
All black kernels                             Max 2.0%"
R505,"Grains_En
",2208329,Trade Agreement,Quality,"Very well double water polished and sortexed rice. 
Non GMO
Brokens Max 4%
Whiteness target 40-41◦ Kett
Chalky Kernels (100% surface) max 1%
White belly (between 50 and 100% surface) max 2,5 %
Moisture max 13.5%
Foreign Materials Max. 0.05%
Red kernels / kernels with trace of red bran max 0,5
Paddy kernels max 1 u per kg
Insects free.

Free of any abnormal odor that indicates any damage to the rice, free of live and dead insects and their larvae.
"
R506,"Grains_En
",2211325,Trade Agreement,Payment,"Payment to be made in United States currency by telegraphic transfer to bank as
designated by Seller. Buyer agrees to make an advance payment of 3 % of the value of
the contract, which shall be received by Seller before 7 of June 2022.
Regarding contract of reference please note that the unpaid balance of 97% of the total
amount shall be made in United States currency by telegraphic transfer to bank designated
by Seller within maximum one business day against emailed or fax copies of Mate’s receipt,
certificate of quality, certificate of origin and phytosanitary certificate. If for whatever
reason goods object of the contract are not fully paid in time, Buyer shall give instructions
to the Owners of the performing vessel to remain outside Venezuelan Territorial waters
until full payment is effected. Seller may claim for interest/other expenses accordingly.
Buyer undertakes to assume full responsibility should carrying charges including storage
and interest as well as any other expenses including port terminal expenses might occur
due to Buyer’s failure to effect payments in the due dates stated in the present contract.
Carrying charges shall be calculated as per clause clause “ Carrying charges “ in the
present contract 
"
R507,"Grains_En
",2112583,Trade Agreement,Payment,"CAD against scan copy of Invoice: BL's, Certificate of Origin & CWWP other documents to be provided outside and shall be mutually agreed by both the parties that is buyer and seller involved in this trade.

All banking expenses/commissions at Buyers' bank for Buyers' account.
All banking expenses/ commissions at Sellers' bank for Sellers' account.
Any tax, levy, duty in country of origin at time of loading to be for Sellers' account. Any tax, levy, duty in country of destination to be for Buyers' account.
"
R512,"Grains_En
",2208329,Trade Agreement,Commodity,Long Grain White Rice - 100%
R515,"Grains_En
",2108001,Trade Agreement,Commodity,Long Grain Parboiled Rice – 5%
R519,"Grains_En
",2217544,Trade Agreement,Commodity,Paddy Rice
R520,"Grains_En
",,Trade Agreement,Commodity,White milled rice - 15%
R521,"Grains_En
",2208330,Trade Agreement,Commodity,Long grain white well milled - 5%
R522,"Grains_En
",,Trade Agreement,Commodity,Indian Parboiled Cargo Rice Long 
R523,"Grains_En
",2207933,Trade Agreement,Commodity,White Rice
R524,"Grains_En
",2122565,Trade Agreement,Commodity,Parboiled Rice – 100%
R525,"Grains_En
",2202105,Trade Agreement,Commodity,Long Grain White Rice - 5% 
R531,"Grains_En
",2212248 + 2216908,Trade Agreement,Commodity,Corn 
R532,"Grains_En
",2216495,Trade Agreement,Commodity,Yellow Corn 
R533,"Grains_En
",2213418,Trade Agreement,Commodity,Corn in bulk 
R534,"Grains_En
",2216495,Trade Agreement,Origin,Seller declares (..) or (..) is by (date). 
R535,"Grains_En
",2216908,Trade Agreement,Quality,"As is. As per loadport certificates (Vessel) (BL date:.......) 

Moisture                           Max. 14,5%
Admixture                          Max. 2%
Damaged kernels             Max. 5%
Broken Kernels                  Max. 5%
      
Goods to be free from alive weevils/insects and free from foreign smell. Sound, Loyal, and Merchantable.
"
R536,"Grains_En
",2212248,Trade Agreement,Quality,"Final at loading as per certificates issued by GAFTA approved superintendent, appointed and paid by Sellers .
Sound, Loyal and Merchantable

Moisture    Max.  14.5 %
Broken kernels   Max.  5.0%  
Damaged kernels   Max.  5.0% incl 1% Heat Damaged
Foreign Materials   Max. 1.5%

Other Specifications as per ANEC 43

Goods to be free from alive weevils/insects and free from foreign smell.
Quality and condition final at loading as per certificate(s)  by a first class surveyor appointed by Sellers and for Sellers’ account
"
R537,"Grains_En
",2216495,Trade Agreement,Quality,"In case of South African
Moisture      : Max. 14%
Defective maize kernels : Max. 7%
Other Colored   : Max. 2%
Malathion    : Max 2 ppm
Pirimiphos-Methyl   : Max 2 ppm
Zealanenone    : Max 1 ppm
Don (Vomitoxin)   : Max 2 ppm
Aflatoxin B1,B2,G1,G2 : Max. 10 ppb 
Foreign Matters  : Max. 0.3%
Gumming Disease Free
              
In case of Brazilian
As per ANEC 44

"
R859,"Grains_En
",2101562,Trade Agreement,Governing Law,This contract shall be governed by and construed in accordance with the laws of the State of New York.
R860,"Grains_En
",,Trade Agreement,Arbitration,"Any and all disputes arising out of or in connection with this contract shall be referred to and finally resolved by arbitration in accordance with the Rules of Arbitration of the Chambre Arbitrale Internationale de Paris, in the edition current at the date of this contract, such Rules forming part of this contract and of which both parties hereto shall be deemed to be cognizant. Arbitration to take place in Paris. Each party shall appoint an arbitrator; The Chambre Arbitrale shall appoint the third arbitrator who shall act as Chairman of the Tribunal. The language of the arbitration shall be English and the juridical seat of arbitration shall be Paris.
"
R861,"Grains_En
",,Trade Agreement,Governing Law,This contract shall be governed by and construed in accordance with French law.
R862,"Grains_En
",,Trade Agreement,Other conditions,"All other terms and conditions not conflicting with this contract shall be as per GTA FOB Contract No. 1, of which both parties acknowledge that they have knowledge and notice."
R863,"Grains_En
",,Trade Agreement,Governing Law,This contract shall be governed and construed in accordance with the laws of New South Wales. 
R866,"Grains_En
",,Trade Agreement,General Compliance Clause,"The Parties warrant, represent and undertake to each other, that they will comply with all applicable laws, rules and regulations including without limitation sanctions, anti-corruption, anti-money laundering and tax laws in performing this Contract."
R867,"Grains_En
",,Trade Agreement,General Sanctions Clause,"The Parties represent, warrant and undertake to each other that:

(a) neither they nor any of their directors, senior executives or officers, or to the knowledge of the Parties, any person on whose behalf the Parties are acting in connection with the Contract, is an individual or entity (“Person”) that is, or is 50% or more owned or controlled (as applicable under relevant Sanctions) by, a Person (or Persons) that is a designated target of any economic or financial sanctions or trade embargoes administered or enforced by the U.S. Department of the Treasury’s Office of Foreign Assets Control (“OFAC”) the U.S. Departments of State, the United Nations Security Council (“UNSC”), the European Union (“EU”), the State Secretariat for Economic Affairs of Switzerland (“SECO”) or other applicable sanctions authority (collectively, “Sanctions”) (collectively, a ""Sanctioned Person"");

(b) no Sanctioned Person has any beneficial or other property interest in the Contract nor to the knowledge of the Parties will have any participation in or derive any other financial or economic benefit from the Contract,

(c) they will not use, or make available, the commodities or funds (as applicable) delivered or provided by the other party under the Contract to fund or facilitate any activities or business of, with any Sanctioned Person, or in any manner that would result in a violation of applicable Sanctions, and

(d) they will not use or make available the commodities or funds (as applicable) delivered or provided by the other party under the Contract to fund or facilitate any activities or business of, with or related to any country or territory that is the subject of comprehensive (i.e., country-wide or territory-wide) Sanctions (including, as of the date of signature of this contract, Crimea, Cuba, Iran, North Korea and Syria) (a ""Sanctioned Country""), unless such activity complies with all applicable Sanctions and does not place either party in violation of applicable Sanctions. The Buyer will inform the Seller immediately, but latest prior to commencement of loading/prior to shipment, about any sale to a Sanctioned Country.
Seller represents and warrants that the commodities have not originated or come from or through any Sanctioned Country, unless such origination or transit comply with all applicable Sanctions and does not place either party in violation of applicable Sanctions.

Without prejudice to its other rights under this clause, in order to ensure compliance with applicable Sanctions each Party may, without prejudice to any other rights, require payment in Euro, exchange rate to be used will be BFIX at 2pm CET, on the first business day prior to the due date, unless it is proven to the other party's satisfaction that the transaction is authorized under a specific or a general OFAC licence.

If either party is of the reasonable opinion that the other party has breached this clause and the other party fails to provide evidence that they are compliant within 48 hours of being notified of such breach , it may (without incurring any liability of any nature to the other party whatsoever) terminate or suspend all or any part of the Contract with immediate effect by notice to the other party or take any other action it deems necessary in order for it to comply with applicable Sanctions. The other party shall be liable for any and all costs, liabilities and expenses whatsoever incurred by it due to exercising its rights under this clause."
R869,"Grains_En
",,Trade Agreement,Compliance Clause,"The parties warrant, represent and undertake to each other, that they will comply with all applicable laws, rules and regulations including without limitation Sanctions, anti-corruption, anti-money laundering and tax laws in performing this Contract.

A. In connection with this contract and any subsequent resale or delivery of the Commodity both Parties will comply with all applicable laws, regulations, statutes or prohibitions (as amended from time to time) imposed by the United Nations, the European Union, the Netherlands and/or other laws applicable to either party relating to the adoption, implementation and enforcement of economic sanctions, export controls, trade embargoes or other restrictive measures (collectively, “Sanctions”);

B. Further:

(a) the Seller will not originate, sell, transfer or deliver (directly or indirectly) the Commodity from/ to any country, entity or individual that is designated/listed under and/or subject to Sanctions nor ship the Commodity on any vessel that is owned, controlled, managed or operated (directly or indirectly) by a person or entity that is designated or listed under or the target of Sanctions; unless such purchase, sale, shipment or delivery complies with all applicable Sanctions and does not involve any conduct, dealing, counterpart, shipper, financial institution, insurance company or other person, acting in any capacity, that could place either Party in violation of Sanctions, and/or; 

(b) the Buyer will not on-sell nor permit the sale, transfer, shipment or delivery (directly or indirectly) of the Commodity to any country, entity or individual that is designated /listed under and/or subject to Sanctions nor ship the Commodity on any vessel that is, or is owned, controlled, managed or operated (directly or indirectly) by a person or entity that is designated or listed under or the target of Sanctions; unless such purchase, sale, shipment or delivery complies with all applicable Sanctions and does not involve any conduct, dealing, counterpart, shipper, financial institution, insurance company or other person, acting in any capacity, that could place either Party in violation of Sanctions.

(c) if the final destination of the Commodity is Cuba, Iran, North Korea, Sudan or Syria, the Buyer upon Seller’s request, will disclose latest prior to commencement of loading/prior to shipment the name of the final receiver of the Commodity.

C. Without prejudice to its other rights under this clause, in order to ensure compliance with Sanctions, the Seller may, without prejudice to any other rights, require payment in Euro, exchange rate to be used will be the Bloomberg Fixing or another mutually agreed USD/EUR exchange rate, two business days prior to the payment date, unless it is proven to Seller's satisfaction that the transaction is covered by a valid OFAC licence. Likewise, the Buyer may also require to pay in EURO.

D. Where performance by a Party would be in violation of, or expose such Party to punitive measures under Sanctions, such Party (the “Affected Party”) shall, without delay give written notice to the other Party of its inability to perform. Once such notice has been given, the Affected Party shall be entitled:

(a) To immediately suspend the affected obligation until such time as the Affected Party may lawfully discharge such obligation; and/or

(b) where the inability to discharge the obligation continues (or is reasonably expected to continue) until the end of the contractual time for discharge, to a full release from the affected obligation, provided that where the relevant obligation relates to payment for the Commodity which has already been delivered, the affected payment obligation shall remain suspended until such time as the Affected Party may lawfully resume payment; in each case without any liability whatsoever."
R871,"Grains_En
",,Trade Agreement,General Compliance Clause,"The Parties warrant, represent and undertake to each other, that they will comply with all Economic Sanctions Law (as defined below) all rules and regulations in respect of Anti-Bribery and Corruption (as defined below) and anti-money laundering to which the Party is subject in their performance of this Contract."
R874,"Grains_En
",,Trade Agreement,General Sanctions Clause,"The parties represent, warrant and undertake to each other that:

(a) neither they nor any of their subsidiaries (collectively, the “Parties”) or directors, senior executives or officers, or to the knowledge of the Parties, any person on whose behalf the Parties are acting in connection with the Contract, is an individual or entity (“Person”) that is, or is 50% or more owned or controlled by, a Person (or Persons) that is the subject of any economic or financial sanctions or trade embargoes administered or enforced by the U.S. Department of the Treasury’s Office of Foreign Assets Control (“OFAC”) the U.S. Departments of State or Commerce, the United Nations Security Council (“UNSC”), the European Union (“EU”), or other applicable sanctions authority (collectively, “Sanctions”) (collectively, a ""Sanctioned Person"");

(b) no Sanctioned Person has any beneficial or other property interest in the Contract nor will have any participation in or derive any other financial or economic benefit from the Contract,

(c) they will not use, or make available, the Commodity or funds (as applicable) provided the other party in terms of the Contract to fund or facilitate any activities or business of, with or related to any Sanctioned Person, or in any manner that would result in a violation of Sanctions, and

(d) they will not use or make available the Commodity or funds (as applicable) provided by the other party in terms of the Contract to fund or facilitate any activities or business of, with or related to any country or territory that is the subject of comprehensive (i.e., country-wide or territory-wide) Sanctions (including, as of the date of signature of this contract, Crimea, Cuba, Iran, North Korea and Syria) (a ""Sanctioned Country""), unless such activity complies with all applicable Sanctions and does not place either party in violation of Sanctions. The Buyer will inform the Seller immediately, but latest prior to commencement of loading/prior to shipment, about any sale to a Sanctioned Country.

Seller represents and warrants that the Commodity has not originated or come from or through any Sanctioned Country.

Nothing in the contract is meant to require either party to take any action which is likely to place it or any of its respective principals, affiliates employees or agents in a position of noncompliance with, or in contravention of, the all applicable laws, rules and regulations including without limitation sanctions, anti-corruption, anti-money laundering and tax laws.

Without prejudice to its other rights under this clause, in order to ensure compliance with Sanctions, the Seller may, without prejudice to any other rights, require payment in Euro, exchange rate to be used will be the ECB fixing rate on the first business day prior to the due date, unless it is proven to Seller's satisfaction that the transaction is covered by a valid OFAC licence. Likewise, the Buyer may also require to pay in EURO.

If either party is of the reasonable opinion that the other party has breached this clause, it may (without incurring any liability of any nature to the other party whatsoever) terminate or suspend all or any part of the Contract with immediate effect by notice to the other party or take any other action it deems necessary in order for it to comply with applicable sanctions. The other party shall be liable for any and all costs, liabilities and expenses whatsoever incurred by it due to exercising its rights under this clause."
R876,"Grains_En
",,Trade Agreement,General Sanctions Clause,"The parties represent, warrant and undertake to each other that:

(a) neither they nor any of their subsidiaries (collectively, the “Parties”) or directors, senior executives or officers, or to the knowledge of the Parties, any person on whose behalf the Parties are acting in connection with the Contract, is an individual or entity (“Person”) that is, or is 50% or more owned or controlled by, a Person (or Persons) that is the subject of any economic or financial sanctions or trade embargoes administered or enforced by the U.S. Department of the Treasury’s Office of Foreign Assets Control (“OFAC”) the U.S. Departments of State or Commerce, the

United Nations Security Council (“UNSC”), the European Union (“EU”) or its respective Member States, Switzerland, or other applicable sanctions authority (collectively, “Sanctions”); (collectively, a ""Sanctioned Person"");

(b) no Sanctioned Person has any beneficial or other property interest in the Contract nor will have any participation in or derive any other financial or economic benefit from the Contract

(c) they will not use, or make available, the Commodity or payments linked to the execution of the Contract to fund or facilitate any activities or business of, with or related to any Sanctioned Person, or in any manner that would result in a violation of Sanctions;

(d) for the purposes of this Contract no originating country, transit country, destination country, document, person, entity or means of transportation or payment associated directly or indirectly with this Contract shall cause the Buyer or Seller to be in a position of non-compliance with or in contravention of Sanctions ;

(e) the performance of this Contract shall have no connection with a country or territory that is the subject of comprehensive (i.e., country-wide or territory-wide) Sanctions (including but not limited to, as of the date of signature of this contract, Crimea, Cuba, Iran, North Korea and Syria) (a ""Sanctioned Country""), unlesssuch activity complies with all applicable Sanctions and mutually agreed by both Parties. The Buyer will inform the Seller immediately, but latest prior to commencement of loading/prior to shipment, about any sale to a Sanctioned Country. Seller has the right to reject a sale to a Sanctioned Country

Without prejudice to its other rights under this clause, in order to ensure compliance with Sanctions, the Buyer and Seller may require payment in Euro, exchange rate to be used will be the Bloomberg Fixing or another mutually agreed USD/EUR exchange rate, two business days prior to the payment date.

Buyer and Seller agree to cooperate with reasonable requests for information or documentation in relation to country of origination, transit details, end customers, final destination and intended end-use to verify compliance with this clause.

A breach of warranty or undertaking under this sanctions clause by either Seller or Buyer shall entitle the non-breaching party to suspend or terminate the Contract without liability and with immediate effect by notice to the party in breach. The party in breach shall be liable for any and all costs, liabilities and expenses whatsoever incurred by it due to exercising its rights under this clause."
R878,"Grains_En
",,Trade Agreement,Anti-corruption Clause,"The Parties each agree and undertake to each other that in connection with this Contract, they will comply with all applicable laws and regulations relating to anti-bribery anti-corruption, tax and anti-money laundering; including but not limited to the US Foreign Corrupt Practices Act, as amended, the UK Bribery Act; and any other applicable rules in connection with any aspect of this Contract.

Each Party represents, warrants and undertakes that it shall not, directly or indirectly, pay, offer, give or promise to pay or authorize the payment of, any monies or other things of value to; (i) a government official or an officer or employee of a government or any department, agency or instrumentality of any government; (ii) an officer or employee of a public international organization; (iii) any person acting in an official capacity for or on behalf of any government or department, agency, or instrumentality of such government or of any public international organization; (iv) any political party or official thereof, or any candidate for political office; (v) or any other person, individual or entity at the suggestion, request or direction or for the benefit of any of the above-described persons and entities.

A Party may terminate this contract, without liability, at any time, upon written Notice to the other Party, if there is a formal proof of breach of any of the above representations, warranties or

undertakings, with all costs and liability associated with such breach being for defaulting Party’s account."
R879,"Grains_En
",,Trade Agreement,General Sanctions Clause,"The parties represent, warrant and undertake to each other that, to the best of their knowledge:

(a) neither they nor any of their subsidiaries (collectively, the “Parties”) or directors, senior executives or officers, or to the knowledge of the Parties, any person on whose behalf the Parties are acting in connection with the Contract, is an individual or entity (“Person”) that is, or is 50% or more owned or controlled by, a Person (or Persons) that is the subject of any economic or financial sanctions or trade embargoes administered or enforced by the U.S. Department of the Treasury’s Office of Foreign Assets Control (“OFAC”) the U.S. Departments of State or Commerce, the United Nations Security Council (“UNSC”), the European Union (“EU”), or other applicable sanctions authority (collectively, “Sanctions”) (collectively, a ""Sanctioned Person"");

(b) no Sanctioned Person has any beneficial or other property interest in the Contract and no Sanctioned Person will have any participation in or derive any other financial or economic benefit from the Contract;

(c) they will not use, or make available, the Commodity or funds (as applicable), provided by the other party under the terms of the Contract, to fund or facilitate any activities or business of, with or related to any Sanctioned Person, or in any manner that would result in a violation of Sanctions; and

(d) they will not use or make available the Commodity or funds (as applicable), provided by the other party under the terms of the Contract, to fund or facilitate any activities or business of, with or related to any country or territory that is the subject of comprehensive (i.e., country-wide or territory-wide) Sanctions (including, as of the date of signature of this contract, Crimea, Cuba, Iran, North Korea and Syria) (a ""Sanctioned Country""), unless such activity complies with all applicable Sanctions and does not place either party in violation of Sanctions. The Buyer will inform the Seller immediately, but latest prior to commencement of loading/prior to shipment, about any sale to a Sanctioned Country.

Seller represents and warrants that, to the best of their knowledge, the Commodity has not originated or come from or through any Sanctioned Country.

Without prejudice to its other rights under this clause, in order to ensure compliance with Sanctions, the Seller may, without prejudice to any other rights, require payment to be made by the Buyer in Euro. The exchange rate to be used for such payment will be the Bloomberg Fixing or another mutually agreed USD/EUR exchange rate, two business days prior to the payment date , unless it is proven to Seller's satisfaction that the transaction is covered by a valid OFAC license. Likewise, the Buyer may also require to make payment to the Seller in Euro.

If either party is of the reasonable opinion that the other party has breached this clause, it may (without incurring any liability of any nature to the other party whatsoever) terminate or suspend all or any part of the Contract with immediate effect by notice to the other party or take any other action it deems necessary in order for it to comply with applicable sanctions. The breaching party shall be liable for any and all costs, liabilities and expenses whatsoever incurred by it the non-breaching party as a result of an actual breach of this clause by the breaching party this clause."
R884,"Grains_En
",,Trade Agreement,Risk and Title,"Risk of loss, contamination, deterioration or damage to the Goods shall pass to Buyer upon safe delivery of the Goods in accordance with the terms and conditions of this contract.
Title to the Goods shall pass to Buyer upon receipt of payment in full by Seller from Buyer without deduction, set off, withholding or counterclaim whatsoever.
"
R886,"Grains_En
",2226929,Trade Agreement,Origin,Comingling of origins per hold allowed.
R893,"Grains_En
",,Trade Agreement,Other conditions,"All other terms and conditions not conflicting with this contract shall be as per the Trading Rules of NOFOTA, of which both parties acknowledge that they have knowledge and notice."
R894,"Grains_En
",,Trade Agreement,Other conditions,"All other terms and conditions not conflicting with this contract shall be as per VERNOF 2014 (or latest version), of which both parties acknowledge that they have knowledge and notice."
R895,"Grains_En
",,Trade Agreement,Other conditions,"All other terms and conditions not conflicting with this contract shall be as per HAFU 2A, of which both parties acknowledge that they have knowledge and notice."
R896,"Grains_En
",,Trade Agreement,Other conditions,"All other terms and conditions not conflicting with this contract shall be as per the C.N.G.D. conditions, including the optional GMP clause, of  which both parties acknowledge that they have knowledge and notice."
R897,"Grains_En
",,Trade Agreement,Other conditions,"All other terms and conditions not conflicting with this contract shall be as per Incograins No. [xxx], of which both parties acknowledge that they have knowledge and notice."
R899,"Grains_En
",2124086,Trade Agreement,Arbitration,"Any and all disputes arising out of or in connection with this contract including any question regarding its existence, validity or termination or any amendments/settlements related to this contract shall be referred to and finally resolved by arbitration in accordance with the Rules of Arbitration and Appeal of the Federation of Oils, Seeds and Fats Associations Limited in the edition current at the date of this contract, such Rules forming part of this contract and of which both parties hereto shall be deemed to be cognizant. The juridical seat of arbitration shall be England. 
Nothing contained in the FOSFA Arbitration Clause shall prevent the parties from seeking to obtain security in respect of their claim or counterclaim via Legal proceedings in any jurisdiction, provided such Legal proceedings shall be limited to applying for and/or obtaining security for a claim or counterclaim, it being understood and agreed that the substantive merits of any dispute or claim shall be determined solely by arbitration in accordance with the FOSFA Rules of Arbitration and Appeal.

"
R900,"Grains_En
",2200642,Trade Agreement,Arbitration,"Any and all disputes arising out of or in connection with this contract including any question regarding its existence, validity or termination or any amendments/settlements related to this contract shall be referred to and finally resolved by arbitration in accordance with the Arbitration Rules No. 125, of the Grain and Feed Trade Association, in the edition current at the date of this contract, such Rules forming part of this contract and of which both parties hereto shall be deemed to be cognizant. 

The juridical seat of arbitration shall be England.
"
